bag,vehicle,start_msk,dur_meta_s,dur_msgs_s,n_msgs,n_meta,t0_meta_match,sqlite_unordered,other_topics,topic_set_ok,cmd_publishers,n_front,n_rear,n_cmd,n_mfix,n_mvel,n_rfix,n_rvel,rate_front,off_front,rate_rear,off_rear,rate_cmd,off_cmd,rate_mfix,off_mfix,rate_mvel,off_mvel,rate_rfix,off_rfix,rate_rvel,off_rvel,maxgap_front,gaps05_front,hdrback_front,hdrdup_front,maxgap_rear,gaps05_rear,hdrback_rear,hdrdup_rear,maxgap_cmd,gaps05_cmd,hdrback_cmd,hdrdup_cmd,hdr_zero_total,backlog_msgs,backlog_last_s,off_max_inputs_s,hdr_back_total,late_start_n,late_start_max_s,late_mid_n,late_mid_max_s,leap_mid_n,leap_mid_max_s,glitch_front,glitch_rear,glitch_cmd,glitch_gnss,glitch_gnss_span_s,start_backlog_inputs_s,start_backlog_msgs,nan_front,inf_front,neg_front,min_front,max_front_kmh,nan_rear,inf_rear,neg_rear,min_rear,max_rear_kmh,vmax3_ms,moving3,vmax10_ms,moving10,handle_min,handle_max,handle_changes,handle_frac0,handle_start,drop_front_s,drop_front_max_s,drop_rear_s,drop_rear_max_s,wheel_km,brake_acc_s,brake_acc_ep2s,brake_acc_ep2s_s,tract_dec_s,starts_pos,starts_neg,starts_zero,fr_med_abs_kmh,fr_p99_abs_kmh,fr_max_abs_kmh,fr_frac_gt2kmh,fr_bias_kmh,slip_ep,slip_s,slip_max_kmh,stuck_front_n,stuck_front_max_s,stuck_front_val,zero_front_s,zero_front_max_s,spikes_front,stuck_rear_n,stuck_rear_max_s,stuck_rear_val,zero_rear_s,zero_rear_max_s,spikes_rear,lag_front_rear_hdr_s,lag_front_rear_bag_s,gnss_any,mfix_first_s,mfix_span_s,mfix_status,mfix_service,mfix_covtype,mfix_cov_nonzero,mfix_jumps,mfix_nonfinite,mfix_st2_frac,rfix_first_s,rfix_span_s,rfix_status,rfix_service,rfix_covtype,rfix_cov_nonzero,rfix_jumps,rfix_nonfinite,rfix_st2_frac,alt_min,alt_max,lat_min,lat_max,lon_min,lon_max,gnss_km,gnss_vel_km,gnss_vmax_ms,mvel_vz_absmax,mvel_ang_nonzero,baseline_med_m,baseline_p05_m,baseline_p95_m,ratio_front_hdr,ratio_rear_hdr,ratio_mean_hdr,ratio_iqr_hdr,lag_bogie_gnss_hdr_s,lag_rms_hdr_ms,lag0_rms_hdr_ms,ratio_front_bag,ratio_rear_bag,ratio_mean_bag,ratio_iqr_bag,lag_bogie_gnss_bag_s,lag_rms_bag_ms,lag0_rms_bag_ms,ratio_pos_st2,ratio_pos_st2_n,dev_gnss_p99_ms,dev_gnss_gt1_s,dev_gnss_rmse_ms,gnss_zero_drop,wheel_km_gspan,gnss_vmax3_ms,start_xy,end_xy,dir,hash_full,hash_inputs,split,dup_of,route,xt_left_med_m,xt_abs_med_m,xt_east_med_m,xt_north_med_m,xt_n,ratio_pos_st0,ratio_pos_st0_n
30618_01f73500,30618,2026-08-26 11:06:50,1211.9843,1211.9843,95546,95546,1,0,,1,2,11694,11671,24295,12010,11907,11985,11984,9.6483,0.0414,9.6294,0.042,20.0449,0.0017,9.9092,0.0459,9.8238,0.0901,9.8884,0.0864,9.8875,0.0977,0.3014,0,0,0,0.3018,0,0,0,0.0689,0,0,0,0,163,0.4506,2.7213,0,104,2.4819,3828,0.1005,0,0.0517,0,0,0,0,0.0,2.7196,158,0,0,0,0.0,53.2784,0,0,0,0.0,53.4057,0.0,0,0.1787,0,-15,15,1840,0.3435,0,0.0,0.3139,0.0,0.3139,5.4476,0.0,0,0.0,0.0,5,0,0,0.0332,0.2379,0.6266,0.0,0.0005,0,0.0,0.0,0,0.0,,0.0,0.0,0,0,0.0,,0.0,0.0,0,-0.0,-0.0,1,0.0045,1211.9016,0:398;1:10;2:11602,1:12010,0:12010,0,36,0,0.966,0.0159,1211.9303,0:960;1:109;2:10916,1:11985,0:11985,0,120,0,0.9108,145.1608,227.5223,55.799,55.8107,37.3894,37.4623,5.5111,5.4296,14.841,0.538,0,12.4184,11.3407,46.3432,3.5964,3.5961,3.5962,0.0171,-0.0,0.029,0.029,3.5952,3.595,3.5949,0.026,-0.05,0.0313,0.04,3.6063,28,0.0856,0.0,0.029,0,5.4472,0.023,"2613,615","-1944,-551",В→З,1a9b34e4a87e202e,8481aad6093d5cf2,train,,R1,0.0016,0.0135,-0.0063,-0.0059,769,,
30618_0259fe53,30618,2026-08-10 14:17:15,1228.3097,1228.3097,48381,48381,1,0,,1,2,11864,11877,24640,0,0,0,0,9.6581,0.0496,9.6686,0.0496,20.0594,0.0009,,,,,,,,,0.3006,0,0,0,0.3005,0,0,0,0.0543,0,0,0,0,124,0.254,3.7909,0,143,2.4085,10372,0.095,0,0.0527,0,0,0,0,0.0,3.7412,122,0,0,0,0.0,53.2921,0,0,0,0.0,53.3863,0.0,0,3.3854,1,-15,15,1673,0.3671,0,0.0,0.3119,0.0,0.3119,5.431,9.8,2,9.8,0.0,8,0,0,0.0325,0.2449,0.6323,0.0,0.0003,0,0.0,0.0,0,0.0,,0.0,0.0,4,0,0.0,,0.0,0.0,5,-0.0,-0.0,0,,,,,,,,,,,,,,,,,,,,,,,,,,,,,,,,,,,,,,,,,,,,,,,,,,,,,,,,,,719a026d41901a9d,5a4951d728e46b78,train,,,,,,,,,
30618_0652866c,30618,2026-07-27 19:14:31,1460.4622,1460.4622,114650,114650,1,0,,1,2,14060,14070,29266,14616,14320,14453,13865,9.6266,0.0459,9.6334,0.0459,20.0385,0.001,10.0074,0.0415,9.8045,0.0816,9.8955,0.0726,9.493,0.0849,0.9011,1,0,0,0.9006,1,0,0,0.1112,0,0,0,0,179,0.2835,3.8661,0,91,1.7923,916,0.0543,0,0.0521,0,0,0,0,0.0,3.8202,175,0,0,0,0.0,53.2597,0,0,0,0.0,53.3413,0.0,0,3.2953,1,-15,15,1798,0.3839,0,0.9097,0.9097,0.9097,0.9097,5.6263,3.6,1,2.3,0.0,8,1,1,0.0332,0.2684,0.5785,0.0,-0.003,0,0.0,0.0,0,0.0,,0.0,0.0,0,0,0.0,,0.0,0.0,0,-0.0,-0.0,1,0.0055,1460.4162,0:972;2:13644,1:14616,0:14616,0,13,0,0.9335,0.0022,1460.4564,0:894;2:13559,1:14453,0:14453,0,105,0,0.9381,146.3239,176.7343,55.799,55.8107,37.388,37.4623,5.7318,5.6409,14.85,0.585,0,12.4114,9.9333,12.7432,3.5967,3.5971,3.5968,0.0203,-0.0,0.0337,0.0337,3.5956,3.596,3.5957,0.026,-0.05,0.0362,0.0409,3.6016,28,0.11,0.0,0.0339,0,5.6263,0.018,"2615,619","-1982,-601",В→З,1b4c158d9907bdb1,c3844846cd7101b0,val,,R1,0.0025,0.0179,-0.0126,-0.0056,849,,
30618_0686195f,30618,2026-09-03 11:06:13,1179.1488,1179.1488,91684,91684,1,0,,1,2,10594,10570,23636,11827,11731,11687,11639,8.9837,0.0335,8.9635,0.034,20.0444,0.0014,10.0298,0.0384,9.948,0.0825,9.9108,0.0841,9.87,0.0958,0.3007,0,0,0,0.3005,0,0,0,0.0887,0,0,0,0,461,7.3584,2.6176,0,105,2.3965,1522,0.098,0,0.0524,0,0,0,192,4.3897,2.6163,238,0,0,0,0.0,52.6569,0,0,0,0.0,52.6204,0.0,0,0.0,0,-15,15,1583,0.3828,0,0.0,0.3119,0.0,0.3119,5.1253,0.0,0,0.0,0.0,4,0,0,0.0348,0.4178,0.859,0.0,0.0062,0,0.0,0.0,0,0.0,,0.0,0.0,0,0,0.0,,0.0,0.0,1,-0.0,-0.0,1,0.0043,1179.085,0:11827,1:11827,0:11827,0,370,0,0.0,0.0145,1179.1176,0:199;2:11488,1:11687,0:11687,0,388,0,0.983,135.4814,177.6153,55.799,55.8107,37.3927,37.4622,5.1489,5.202,14.83,0.531,0,12.4184,12.3108,12.649,3.5496,3.5488,3.5491,0.0205,-0.0,0.0419,0.0419,3.5481,3.5472,3.5475,0.0272,-0.05,0.0371,0.046,,,0.132,0.0,0.0419,0,5.1253,0.013,"2610,628","-1741,-539",В→З,c80658345c2d28a2,0d174203f84bfdd8,train,,R1,-0.3614,0.3831,-0.0692,0.308,700,3.5582,29
30618_073f08d1,30618,2026-07-27 18:53:07,1271.8959,1271.8959,99103,99103,1,0,,1,2,11815,11826,25487,12743,12386,12574,12272,9.289,0.0277,9.2977,0.0277,20.0381,0.001,10.0181,0.045,9.7379,0.0886,9.8857,0.0806,9.6497,0.0892,0.3008,0,0,0,0.301,0,0,0,0.0622,0,0,0,0,164,0.2177,3.537,0,84,1.2412,192,0.0541,0,0.0517,0,0,0,0,0.0,3.5093,160,0,0,0,0.0,52.4613,0,0,0,0.0,52.2497,0.0,0,0.0,0,-15,15,1800,0.3908,0,0.0,0.3179,0.0,0.3179,5.4167,6.7,2,5.2,0.0,10,1,0,0.0304,0.2438,0.521,0.0,-0.0049,0,0.0,0.0,0,0.0,,0.0,0.0,0,0,0.0,,0.0,0.0,0,-0.0,-0.0,1,0.0029,1271.893,0:6;2:12737,1:12743,0:12743,0,0,0,0.9995,0.0013,1271.8398,0:160;2:12414,1:12574,0:12574,0,37,0,0.9873,147.8287,176.7186,55.7989,55.8104,37.3889,37.4623,5.4187,5.4223,14.629,0.558,0,12.4175,11.8971,12.6889,3.5986,3.5993,3.599,0.0168,-0.0,0.0295,0.0295,3.5984,3.5992,3.5987,0.0272,-0.05,0.0315,0.0448,3.607,36,0.0884,0.0,0.0295,0,5.4167,0.016,"-1979,-604","2615,619",З→В,ef467fd6b5f52d40,7e8133945648da6c,train,,R1,0.0037,0.0141,-0.0125,0.0069,749,,
30618_082f1d65,30618,2026-08-26 21:49:12,20.5324,20.5324,1793,1793,1,0,,1,2,226,204,461,230,232,228,212,10.9906,0.0438,9.9262,0.0433,22.4575,0.0023,11.1665,0.054,11.2912,0.0991,11.0644,0.0885,10.3304,0.096,0.1991,0,0,0,0.1993,0,0,0,0.0933,0,0,0,0,144,0.3867,2.5178,0,81,2.3613,0,0.0134,0,0.0506,0,0,0,0,0.0,2.5156,138,0,0,0,0.0,1.7331,0,0,0,0.0,1.7623,0.0,0,0.0,0,0,0,0,1.0,0,0.0,0.2073,0.0,0.2073,0.0001,0.0,0,0.0,0.0,0,0,0,,,,,,0,0.0,0.0,0,0.0,,0.0,0.0,0,0,0.0,,0.0,0.0,0,,,1,0.0041,20.5078,2:230,1:230,0:230,0,0,0,1.0,0.016,20.5163,2:228,1:228,0:228,0,0,0,1.0,168.1482,168.169,55.8107,55.8107,37.462,37.462,0.0005,0.0004,0.379,0.067,0,12.4122,12.4081,12.4166,,,,,,,,,,,,,,,,,,,,0,0.0001,0.036,"2595,652","2595,652",—,8f3383e3ebc4c711,1f9f123010d739c9,train,,R1,,,,,,,
30618_095a115b,30618,2026-07-27 12:02:48,1321.8152,1321.8152,104109,104109,1,0,,1,2,12745,12753,26484,13241,12547,13182,13157,9.642,0.047,9.648,0.0469,20.0359,0.0009,10.0166,0.0416,9.492,0.0826,9.9724,0.071,9.9536,0.0844,0.3004,0,0,0,0.3009,0,0,0,0.057,0,0,0,0,154,0.1661,3.3695,0,107,1.1906,784,0.0626,0,0.0508,0,0,0,0,0.0,3.3226,150,0,0,0,0.0,53.3017,0,0,0,0.0,53.2787,0.0,0,0.0,0,-15,15,1716,0.3933,0,0.0,0.3159,0.0,0.3159,5.4335,0.0,0,0.0,0.0,5,0,0,0.0333,0.3089,1.2765,0.0,-0.0017,0,0.0,0.0,0,0.0,,0.0,0.0,0,0,0.0,,0.0,0.0,0,-0.0,-0.0,1,0.012,1321.8031,0:894;2:12347,1:13241,0:13241,0,0,0,0.9325,0.0022,1321.7506,0:155;2:13027,1:13182,0:13182,0,28,0,0.9882,148.2624,176.763,55.799,55.8107,37.3897,37.4623,5.4466,5.4253,14.824,0.603,0,12.4153,12.3559,12.4604,3.5998,3.6,3.5999,0.0176,-0.0,0.0303,0.0303,3.5992,3.5991,3.5992,0.0242,-0.05,0.033,0.0395,3.6039,34,0.0963,0.0,0.0305,0,5.4335,0.023,"2615,619","-1930,-542",В→З,e1a71f7a8bdd3922,1b1453443cb71744,train,,R1,-0.068,0.1489,-0.0335,0.1768,796,,
30618_0a83c933,30618,2026-08-10 12:18:38,1095.5836,1095.5836,43116,43116,1,0,,1,2,10559,10569,21988,0,0,0,0,9.637,0.0615,9.646,0.0614,20.0689,0.0009,,,,,,,,,0.2023,0,0,0,0.2019,0,0,0,0.0622,0,0,0,0,121,0.2316,3.7726,0,108,2.5935,13289,0.0955,0,0.0526,0,0,0,0,0.0,3.7717,120,0,0,0,0.0,52.4714,0,0,0,0.0,52.6017,0.0,0,0.0,0,-15,15,1534,0.3285,0,0.0,0.2859,0.0,0.2559,5.4074,3.1,1,3.1,0.3,5,0,0,0.0328,0.2443,1.3805,0.0,-0.0003,0,0.0,0.0,0,0.0,,0.0,0.0,1,0,0.0,,0.0,0.0,1,-0.0,-0.0,0,,,,,,,,,,,,,,,,,,,,,,,,,,,,,,,,,,,,,,,,,,,,,,,,,,,,,,,,,,62856bc39d299235,492ca275f15980f0,val,,,,,,,,,
30618_0d865417,30618,2026-07-27 17:44:54,11.8409,11.8409,1075,1075,1,0,,1,2,115,123,286,142,141,144,124,9.6806,0.0794,10.3498,0.0894,24.0933,0.001,11.9982,0.0407,11.8757,0.0806,12.1276,0.074,10.435,0.0871,0.2011,0,0,0,0.201,0,0,0,0.0528,0,0,0,0,150,0.2158,3.4172,0,80,1.5956,30,0.054,0,0.0505,0,0,0,0,0.0,3.3278,144,0,0,0,0.0,3.8969,0,0,0,0.0,3.8507,0.0,0,1.0825,1,-11,6,31,0.6119,0,0.0,0.206,0.0,0.206,0.0019,0.0,0,0.0,0.0,0,0,0,,,,,,0,0.0,0.0,0,0.0,,0.0,0.0,0,0,0.0,,0.0,0.0,0,,,1,0.0119,11.7517,2:142,1:142,0:142,0,0,0,1.0,0.0034,11.7913,2:144,1:144,0:144,0,0,0,1.0,161.0754,161.1691,55.7948,55.7948,37.3865,37.3865,0.0022,0.002,1.151,0.058,0,12.4275,12.4033,12.4347,,,,,,,,,,,,,,,,,,,,0,0.0019,0.011,"-2126,-1115","-2125,-1114",—,f25267d5e7582bf0,5cb75d1dbbe1275a,train,,R2,,,,,,,
30618_0e41eac3,30618,2026-07-27 14:29:42,1322.7472,1322.7472,103489,103489,1,0,,1,2,12386,12398,26524,13222,12988,13008,12963,9.3632,0.0355,9.3722,0.0354,20.052,0.0009,9.9952,0.0453,9.8187,0.0882,9.8339,0.0843,9.7999,0.0934,0.3018,0,0,0,0.3021,0,0,0,0.0569,0,0,0,0,265,775.4765,3.5335,0,103,2.2214,146,0.0626,0,0.053,0,0,0,84,203.6779,3.4981,173,0,0,0,0.0,53.3286,0,0,0,0.0,53.3855,0.0,0,0.0,0,-15,15,1651,0.3843,0,0.0,0.3259,0.0,0.3259,5.3328,0.0,0,0.0,0.0,8,0,0,0.0322,0.2491,0.5878,0.0,-0.0012,0,0.0,0.0,0,0.0,,0.0,0.0,0,0,0.0,,0.0,0.0,0,-0.0,-0.0,1,0.0091,1322.7286,0:297;2:12925,1:13222,0:13222,0,13,0,0.9775,0.0012,1322.6736,0:659;2:12349,1:13008,0:13008,0,107,0,0.9493,142.0841,176.7338,55.799,55.8107,37.3909,37.4623,5.4064,5.3373,14.823,0.562,0,12.4171,12.3089,13.7193,3.5987,3.5987,3.5986,0.0174,-0.0,0.0636,0.0636,3.5971,3.5969,3.597,0.0296,-0.05,0.0649,0.072,3.6063,34,0.0927,1.2,0.0638,0,5.3328,0.025,"2615,619","-1850,-497",В→З,3399d6b01d964fe0,643ca599044ce1bc,train,,R1,0.006,0.0157,0.0021,-0.005,775,,
30618_0f120b35,30618,2026-07-27 14:07:27,1317.9984,1317.9984,103081,103081,1,0,,1,2,12103,12112,26413,13206,13138,13083,13026,9.1822,0.0353,9.1889,0.0353,20.0402,0.001,10.0192,0.0485,9.9681,0.0946,9.9263,0.0872,9.8831,0.0973,0.3027,0,0,0,0.3028,0,0,0,0.0691,0,0,0,0,181,0.2035,3.6308,0,87,1.2824,2534,0.0627,0,0.0627,0,0,0,0,0.0,3.5955,174,0,0,0,0.0,52.1936,0,0,0,0.0,52.3189,0.0,0,0.0,0,-15,15,1742,0.4247,0,0.0,0.3139,0.0,0.3139,5.4077,0.0,0,0.0,0.0,9,0,0,0.0317,0.2401,0.5738,0.0,-0.0043,0,0.0,0.0,0,0.0,,0.0,0.0,2,0,0.0,,0.0,0.0,0,-0.0,-0.0,1,0.0127,1317.9711,0:251;2:12955,1:13206,0:13206,0,8,0,0.981,0.0024,1317.9194,0:76;2:13007,1:13083,0:13083,0,12,0,0.9942,147.7979,176.6937,55.7989,55.8104,37.389,37.4623,5.4428,5.4122,14.501,7.637,0,12.419,11.497,12.4479,3.6002,3.601,3.6005,0.0157,-0.0,0.0838,0.0838,3.5998,3.6005,3.5999,0.0268,-0.05,0.0855,0.0914,3.6075,34,0.0886,0.1,0.0838,0,5.4077,0.01,"-1974,-592","2615,619",З→В,5aca861ef86feff9,bb3d307b8acadcc4,train,,R1,-0.007,0.0154,0.0153,-0.0061,741,,
30618_117c2d02,30618,2026-08-10 11:37:04,1202.4454,1202.4454,46261,46261,1,0,,1,2,11063,11075,24123,0,0,0,0,9.2,0.025,9.2099,0.025,20.0608,0.0009,,,,,,,,,0.9002,1,0,0,0.9002,1,0,0,0.056,0,0,0,0,123,0.2616,3.7523,0,113,2.4557,6438,0.0951,0,0.0512,0,0,0,0,0.0,3.7273,122,0,0,0,0.0,53.1671,0,0,0,0.0,53.1974,0.0,0,0.0,0,-15,15,1467,0.3912,0,0.8698,0.8698,0.8698,0.8698,5.331,15.2,3,11.8,0.0,8,1,0,0.0307,0.2997,6.5464,0.0022,-0.0016,1,1.6156,6.5464,0,0.0,,0.0,0.0,0,0,0.0,,0.0,0.0,6,-0.0,-0.0,0,,,,,,,,,,,,,,,,,,,,,,,,,,,,,,,,,,,,,,,,,,,,,,,,,,,,,,,,,,cc39d08450dccc0a,63da7784f3febe36,train,,,,,,,,,
30618_1551d0a9,30618,2026-07-27 19:39:44,1.2818,1.2818,294,294,1,0,,1,2,36,45,78,39,36,41,19,28.0916,0.8269,35.2392,1.2937,61.6129,0.838,30.9185,0.8334,27.5002,0.6786,31.5768,0.9365,14.1852,0.096,0.2008,0,0,0,0.2009,0,0,0,0.0505,0,0,0,0,166,0.1724,3.6574,0,85,1.4356,0,0.0,0,0.0,0,0,0,0,0.0,2.3637,103,0,0,0,0.0,0.0,0,0,0,0.0,0.0,0.0,0,0.0,0,0,0,0,1.0,0,0.0,0.2059,0.0,0.2059,0.0,0.0,0,0.0,0.0,0,0,0,,,,,,0,0.0,0.0,0,0.0,,0.0,0.0,0,0,0.0,,0.0,0.0,0,,,1,0.0029,1.229,2:39,1:39,0:39,0,0,0,1.0,0.0012,1.2668,2:41,1:41,0:41,0,0,0,1.0,174.194,174.2047,55.7994,55.7994,37.3888,37.3888,0.0001,0.0,0.007,0.008,0,12.4325,12.4299,12.4364,,,,,,,,,,,,,,,,,,,,,,0.007,,,,672bd0e539a29385,35308afcccbeb541,val,,,,,,,,,
30618_1cc230fa,30618,2026-08-10 20:10:08,1311.2853,1311.2853,101570,101570,1,0,,1,2,11952,11962,26282,13105,12827,12884,12558,9.114,0.0598,9.1216,0.0598,20.0425,0.0009,9.9937,0.0437,9.7815,0.0839,9.8249,0.0801,9.5764,0.0888,0.4003,0,0,0,0.3005,0,0,0,0.0579,0,0,0,0,282,125.088,3.7351,0,93,1.3842,10075,0.0874,0,0.0507,0,0,0,33,0.8058,3.6753,180,0,0,0,0.0,53.3087,0,0,0,0.0,53.3496,0.0,0,3.0572,1,-15,15,1950,0.3439,0,0.0,0.4039,0.0,0.3099,5.4621,4.2,1,4.2,0.0,7,0,0,0.0309,0.2266,0.5188,0.0,0.0001,0,0.0,0.0,0,0.0,,0.0,0.0,1,0,0.0,,0.0,0.0,1,-0.0,-0.0,1,0.0096,1311.2238,0:612;2:12493,1:13105,0:13105,0,37,0,0.9533,0.0014,1311.2558,0:457;1:2;2:12425,1:12884,0:12884,0,92,0,0.9644,145.4966,176.7485,55.799,55.8107,37.3892,37.4623,5.6118,5.458,14.84,0.515,0,12.4168,12.2211,25.2391,3.5963,3.5959,3.5962,0.0174,-0.0,0.0396,0.0396,3.5963,3.5958,3.5959,0.0217,-0.05,0.0338,0.037,3.6023,25,0.1252,0.0,0.0401,0,5.4621,0.018,"2615,619","-1960,-557",В→З,9448e7477d5a4398,37b306680e9d6c5a,train,,R1,-0.0065,0.0147,0.0213,0.017,770,,
30618_20096314,30618,2026-08-10 09:57:54,1187.4308,1187.4308,46684,46684,1,0,,1,2,11429,11435,23820,0,0,0,0,9.6242,0.0542,9.6292,0.0542,20.0594,0.0009,,,,,,,,,0.3003,0,0,0,0.3007,0,0,0,0.0547,0,0,0,0,105,0.2334,3.5736,0,101,2.649,10683,0.095,0,0.0523,0,0,0,0,0.0,3.5248,105,0,0,0,0.0,52.1872,0,0,0,0.0,52.207,0.0,0,1.5245,1,-15,15,1475,0.371,0,0.0,0.3159,0.0,0.3159,5.403,6.6,1,6.6,0.0,11,1,0,0.0317,0.2352,0.4752,0.0,-0.0015,0,0.0,0.0,0,0.0,,0.0,0.0,0,0,0.0,,0.0,0.0,0,-0.0,-0.0,0,,,,,,,,,,,,,,,,,,,,,,,,,,,,,,,,,,,,,,,,,,,,,,,,,,,,,,,,,,513ced222de6afe7,a07fb5f9f355eee1,train,,,,,,,,,
30618_2050d396,30618,2026-08-26 12:20:33,1340.7352,1340.7352,105057,105057,1,0,,1,2,12530,12510,26864,13432,13250,13218,13253,9.345,0.0586,9.3302,0.0591,20.0362,0.0017,10.018,0.0482,9.8819,0.0952,9.8582,0.0867,9.8843,0.0959,0.3013,0,0,0,0.3014,0,0,0,0.0668,0,0,0,0,145,0.4832,2.4307,0,78,2.2706,6687,0.1007,0,0.0515,0,0,0,0,0.0,2.429,140,0,0,0,0.0,50.5096,0,0,0,0.0,50.466,0.0,0,0.0,0,-15,15,1960,0.3654,0,0.0,0.3079,0.0,0.3079,5.3532,4.7,1,4.7,0.1,11,1,0,0.0337,0.3123,15.3816,0.0051,-0.0014,3,3.745,15.3816,0,0.0,,0.0,0.0,10,0,0.0,,0.0,0.0,24,-0.0,-0.0,1,0.0043,1340.6877,2:13432,1:13432,0:13432,0,0,0,1.0,0.0141,1340.7115,0:85;2:13133,1:13218,0:13218,0,4,0,0.9936,147.849,176.7305,55.7989,55.8102,37.3892,37.462,5.362,5.3667,14.039,0.6,0,12.4179,12.4011,12.4481,3.5976,3.5978,3.5976,0.0168,-0.05,0.112,0.1121,3.5972,3.5975,3.5971,0.0231,-0.1,0.1135,0.12,3.6045,33,0.0914,3.0,0.1122,0,5.3532,0.007,"-1959,-584","2596,599",З→В,5b10505c15f95680,6a3c56c8f81c0ae8,train,,R1,0.0001,0.0129,0.007,-0.0069,765,,
30618_2161b58b,30618,2026-08-10 08:14:13,1069.8199,1069.8199,40603,40603,1,0,,1,2,9571,9582,21450,0,0,0,0,8.9455,0.0274,8.9557,0.0275,20.0494,0.0009,,,,,,,,,0.3005,0,0,0,0.3007,0,0,0,0.0714,0,0,0,0,108,0.1752,3.9388,0,110,1.2942,3207,0.0951,0,0.0518,0,0,0,0,0.0,3.9113,107,0,0,0,0.0,52.9912,0,0,0,0.0,53.0957,0.0,0,3.3952,1,-15,15,1627,0.2692,0,0.0,0.3179,0.0,0.3179,5.3276,0.0,0,0.0,0.0,11,0,0,0.0322,0.2266,0.7904,0.0,-0.0011,0,0.0,0.0,0,0.0,,0.0,0.0,0,0,0.0,,0.0,0.0,0,-0.0,-0.0,0,,,,,,,,,,,,,,,,,,,,,,,,,,,,,,,,,,,,,,,,,,,,,,,,,,,,,,,,,,e63e7c4f94ae9ef8,24f8ddaf57d40e10,train,,,,,,,,,
30618_21dd3af3,30618,2026-08-10 17:45:14,1074.3471,1074.3471,83657,83657,1,0,,1,2,9838,9847,21540,10769,10544,10657,10462,9.1564,0.0651,9.1646,0.0651,20.0489,0.0009,10.0235,0.043,9.8138,0.0845,9.9188,0.081,9.7375,0.0889,0.3004,0,0,0,0.3002,0,0,0,0.0555,0,0,0,0,175,0.2088,3.6738,0,86,1.3975,10314,0.0874,0,0.0509,0,0,0,0,0.0,3.6088,169,0,0,0,0.0,51.8563,0,0,0,0.0,51.913,0.0,0,4.1321,1,-15,15,1607,0.2685,0,0.0,0.3059,0.0,0.3059,5.4275,14.0,3,12.2,0.0,10,1,1,0.031,0.2437,0.5096,0.0,-0.0015,0,0.0,0.0,0,0.0,,0.0,0.0,2,0,0.0,,0.0,0.0,2,-0.0,-0.0,1,0.0129,1074.2742,0:132;2:10637,1:10769,0:10769,0,0,0,0.9877,0.002,1074.3182,0:10;2:10647,1:10657,0:10657,0,0,0,0.9991,147.8607,174.071,55.7989,55.8103,37.3888,37.4622,5.4385,5.4225,14.424,0.619,0,12.4196,12.1147,12.4854,3.5969,3.597,3.5968,0.0167,-0.0,0.0312,0.0312,3.5962,3.5961,3.596,0.0228,-0.05,0.0369,0.0426,3.6086,32,0.0963,0.0,0.0316,0,5.4275,0.054,"-1982,-627","2610,611",З→В,82d16574670b4bc9,e461d82a67992296,val,,R1,-0.0125,0.1301,-0.0863,-0.0738,732,,
30618_2255aade,30618,2026-08-10 09:22:58,1254.0665,1254.0665,48383,48383,1,1,,1,2,11618,11630,25135,0,0,0,0,9.2635,0.0601,9.273,0.0601,20.0422,0.001,,,,,,,,,1.2003,1,6,0,1.1999,1,7,0,1.0502,1,17,0,0,102,0.2475,3.6477,30,88,1.4889,13068,1.0895,1,1.05,22,22,65,0,0.0,3.5877,101,0,0,0,0.0,53.3003,0,0,0,0.0,53.3337,0.0,0,0.0,0,-15,15,1863,0.3325,0,1.2476,1.2476,1.2471,1.2471,5.4234,9.0,1,7.7,0.0,9,1,0,0.032,0.2269,0.6629,0.0,0.0005,0,0.0,0.0,0,0.0,,0.0,0.0,14,0,0.0,,0.0,0.0,15,-0.0,-0.0,0,,,,,,,,,,,,,,,,,,,,,,,,,,,,,,,,,,,,,,,,,,,,,,,,,,,,,,,,,,59f0f0f0d2402bf2,f415db7275bb0150,train,,,,,,,,,
30618_22c1c589,30618,2026-07-27 19:50:08,1152.1175,1152.1175,90613,90613,1,0,,1,2,10930,10945,23097,11548,11338,11507,11248,9.4866,0.0374,9.4995,0.0375,20.0468,0.001,10.0232,0.0439,9.8406,0.0831,9.9872,0.0759,9.7625,0.0878,0.301,0,0,0,0.301,0,0,0,0.0729,0,0,0,0,184,0.2416,3.9108,0,92,1.3816,42,0.0539,0,0.0514,0,0,0,0,0.0,3.8732,181,0,0,0,0.0,52.4024,0,0,0,0.0,52.3993,0.0,0,1.2641,1,-15,15,1653,0.3631,0,0.0,0.3159,0.0,0.3159,5.4158,0.0,0,0.0,0.0,8,0,0,0.0322,0.2419,0.5801,0.0,-0.0048,0,0.0,0.0,0,0.0,,0.0,0.0,0,0,0.0,,0.0,0.0,1,-0.0,-0.0,1,0.0121,1152.0291,0:85;2:11463,1:11548,0:11548,0,0,0,0.9926,0.0016,1152.0696,0:251;2:11256,1:11507,0:11507,0,19,0,0.9782,147.8441,176.7035,55.7989,55.8104,37.3888,37.4623,5.4314,5.416,14.535,0.57,0,12.4185,12.3935,12.4578,3.5987,3.5995,3.5991,0.0162,-0.0,0.0286,0.0286,3.5985,3.599,3.5988,0.0227,-0.05,0.0304,0.0387,3.6096,39,0.0865,0.0,0.0288,0,5.4158,0.007,"-1982,-601","2615,619",З→В,f08a7562215bb027,6f5069ad3a2691db,train,,R1,0.0022,0.0113,-0.001,0.0052,730,,
30618_2366c74a,30618,2026-08-10 20:44:33,1080.6501,1080.6501,85001,85001,1,0,,1,2,10418,10427,21666,10833,10602,10433,10622,9.6403,0.0458,9.6485,0.0458,20.0487,0.001,10.0241,0.0475,9.81,0.0932,9.6536,0.0843,9.8286,0.0941,0.3006,0,0,0,0.3005,0,0,0,0.0715,0,0,0,0,1046,1063.7315,3.7807,0,123,1.343,4704,0.0947,0,0.0513,0,0,0,797,20.2068,3.7348,181,0,0,0,0.0,52.6177,0,0,0,0.0,52.5845,0.0,0,0.0,0,-15,15,1431,0.3965,0,0.0,0.3119,0.0,0.3119,4.5519,2.3,1,2.3,0.0,8,0,0,0.0315,0.2194,0.5115,0.0,0.0013,0,0.0,0.0,0,0.0,,0.0,0.0,0,0,0.0,,0.0,0.0,0,-0.0,-0.0,1,0.0116,1080.5931,0:3902;2:6931,1:10833,0:10833,0,0,0,0.6398,0.0026,1080.6373,0:99;2:10334,1:10433,0:10433,0,0,0,0.9905,147.8376,173.9541,55.7991,55.8104,37.4014,37.4623,4.5684,4.5612,14.631,0.606,0,12.4184,12.4037,12.4656,3.5967,3.5967,3.5967,0.015,-0.0,0.0321,0.0321,3.5961,3.5962,3.596,0.0221,-0.05,0.0287,0.0385,3.6025,21,0.1016,0.0,0.0325,0,4.5519,0.006,"-1192,-635","2615,619",З→В,36aa0c3d9563a14a,46f9a7df97a1d491,train,,R1,0.0053,0.0565,0.1121,0.0185,598,3.603,7
30618_27e994fc,30618,2026-09-03 19:17:14,1897.4843,1897.4843,148590,148590,1,1,,1,2,17942,17920,38004,18827,18632,18682,18583,9.4556,0.0413,9.4441,0.0418,20.0282,0.0013,9.9216,0.0445,9.8191,0.0824,9.8456,0.082,9.7933,0.0927,0.9001,1,0,0,0.9001,1,0,0,0.0734,0,0,0,0,1992,601.0194,2.6752,31,92,2.4984,11984,0.0855,0,0.051,0,0,0,1798,45.5971,2.6739,156,0,0,0,0.0,52.8977,0,0,0,0.0,52.9789,0.0,0,2.7158,1,-15,15,2031,0.5078,0,0.9597,0.9597,0.9597,0.9597,5.6202,11.5,3,8.2,0.0,6,2,1,0.0366,0.3629,0.798,0.0,0.0081,0,0.0,0.0,0,0.0,,0.0,0.0,2,0,0.0,,0.0,0.0,2,-0.0,-0.0,1,0.0055,1897.4789,0:8769;2:10058,1:18827,0:18827,0,277,0,0.5342,0.0181,1897.403,0:1347;2:17335,1:18682,0:18682,0,450,0,0.9279,146.1628,183.6642,55.7989,55.8107,37.388,37.4623,7.5054,5.6384,14.805,0.638,0,12.4189,11.5684,26.005,3.5773,3.5758,3.5765,0.0181,-0.0,0.0505,0.0505,3.5763,3.5748,3.5751,0.029,-0.05,0.0479,0.0539,,,0.1707,1.8,0.2148,2,5.6202,0.036,"2615,619","-1959,-585",В→З,13dc25d65ef799fc,b0a461015cfee1d1,train,,R1,-0.3219,0.4235,-0.0501,0.2503,809,,
30618_28538acf,30618,2026-07-27 20:57:30,1287.6961,1287.6961,100443,100443,1,0,,1,2,11983,11994,25830,12885,12616,12582,12553,9.3051,0.0293,9.3136,0.0293,20.0583,0.0009,10.0057,0.0447,9.7972,0.0877,9.7708,0.082,9.7483,0.0913,0.99,1,0,0,0.9895,1,0,0,0.9448,1,0,0,0,1543,168.4125,3.7546,0,115,2.4594,965,0.0998,0,0.0553,1,1,0,1273,32.4046,3.7537,196,0,0,0,0.0,53.2628,0,0,0,0.0,53.2871,0.0,0,3.2701,1,-15,15,1778,0.2912,0,0.0,0.3119,0.0,0.3119,5.4529,7.1,2,4.9,0.0,7,1,0,0.0324,0.2436,0.6931,0.0,-0.003,0,0.0,0.0,0,0.0,,0.0,0.0,5,0,0.0,,0.0,0.0,3,-0.0,-0.0,1,0.0097,1287.6672,0:1010;1:4;2:11871,1:12885,0:12885,0,32,0,0.9213,0.0014,1287.6152,0:355;2:12227,1:12582,0:12582,0,115,0,0.9718,147.8176,179.7167,55.799,55.8107,37.3893,37.4623,5.5537,5.4517,14.834,0.601,0,12.4207,12.0199,40.034,3.5962,3.5965,3.5964,0.0189,-0.0,0.039,0.039,3.5956,3.5959,3.5955,0.0272,-0.05,0.0342,0.0423,3.6088,27,0.1343,0.4,0.0922,2,5.4529,0.048,"2615,620","-1953,-555",В→З,803ea5aae2147f5f,9d1a7e3c777743b9,val,,R1,-0.0035,0.0143,0.0131,0.0119,830,,
30618_2cb9ce37,30618,2026-08-10 21:34:11,745.7764,745.7764,59442,59442,1,0,,1,2,7384,7396,14974,7487,7396,7408,7397,9.9,0.063,9.916,0.063,20.0777,0.001,10.038,0.0486,9.9168,0.0958,9.9329,0.0886,9.9183,0.0986,0.3003,0,0,0,0.3004,0,0,0,0.0543,0,0,0,0,206,0.2743,4.4208,0,135,1.4311,11680,0.093,0,0.0512,0,0,0,0,0.0,4.3579,201,0,0,0,0.0,52.7309,0,0,0,0.0,52.7494,0.0,0,1.1097,1,-15,15,1058,0.2958,0,0.0,0.3099,0.0,0.3099,3.9592,4.3,1,4.3,0.0,4,1,0,0.0331,0.2574,0.5561,0.0,0.0016,0,0.0,0.0,0,0.0,,0.0,0.0,0,0,0.0,,0.0,0.0,2,-0.0,-0.0,1,0.0115,745.7649,0:663;2:6824,1:7487,0:7487,0,0,0,0.9114,0.0018,745.7017,0:11;2:7397,1:7408,0:7408,0,2,0,0.9985,147.8219,172.0225,55.802,55.8104,37.4082,37.4623,3.9638,3.9605,14.65,0.616,0,12.4174,12.0988,12.5138,3.5967,3.5962,3.5964,0.0161,-0.0,0.0297,0.0297,3.5963,3.5959,3.5959,0.0195,-0.05,0.0315,0.0348,3.6027,19,0.0959,0.0,0.0299,0,3.9592,0.01,"-773,-316","2613,616",З→В,2579a04ad8c9e7d7,e6bec592a70fcc25,train,,R1,0.0099,0.0574,-0.0365,0.0208,510,3.6018,5
30618_2d2fa7be,30618,2026-08-10 10:45:55,1198.4574,1198.4574,45797,45797,1,0,,1,2,10866,10881,24050,0,0,0,0,9.0662,0.0557,9.0787,0.0557,20.0666,0.0009,,,,,,,,,0.3017,0,0,0,0.3011,0,0,0,0.0552,0,0,0,0,140,0.3178,4.0047,0,125,2.6801,10648,0.095,0,0.0517,0,0,0,0,0.0,3.9931,139,0,0,0,0.0,52.2862,0,0,0,0.0,52.2042,0.0,0,2.3319,1,-15,15,1636,0.3481,0,0.0,0.3079,0.0,0.3079,5.3984,3.7,1,3.7,0.0,11,0,0,0.0312,0.2172,0.5832,0.0,-0.0019,0,0.0,0.0,0,0.0,,0.0,0.0,0,0,0.0,,0.0,0.0,1,-0.0,-0.0,0,,,,,,,,,,,,,,,,,,,,,,,,,,,,,,,,,,,,,,,,,,,,,,,,,,,,,,,,,,148514b7ce92f0c2,32d487e72dbc7bcb,train,,,,,,,,,
30618_2dbce472,30618,2026-07-27 10:16:35,1369.3979,1369.3979,106061,106061,1,0,,1,2,12602,12613,27436,13617,13372,13278,13143,9.2024,0.0394,9.2103,0.0394,20.0345,0.001,9.9437,0.0412,9.7645,0.0788,9.6958,0.0745,9.5973,0.0861,0.3042,0,0,0,0.304,0,0,0,0.0902,0,0,0,0,158,0.2131,3.4208,0,79,1.1709,2928,0.0629,0,0.0518,0,0,0,0,0.0,3.3813,153,0,0,0,0.0,52.7233,0,0,0,0.0,52.7552,0.0,0,0.0,0,-15,15,1922,0.3552,0,0.0,0.3379,0.0,0.3379,5.4288,0.0,0,0.0,0.7,13,0,0,0.0325,0.2366,0.484,0.0,0.0001,0,0.0,0.0,0,0.0,,0.0,0.0,3,0,0.0,,0.0,0.0,3,-0.0,-0.0,1,0.0117,1369.3114,0:1491;2:12126,1:13617,0:13617,0,44,0,0.8905,0.002,1369.3606,0:1744;2:11534,1:13278,0:13278,0,155,0,0.8687,142.5532,176.7558,55.799,55.8107,37.3897,37.4623,5.6667,5.4323,14.662,0.55,0,12.4205,11.9162,17.7202,3.5989,3.5984,3.5986,0.0186,-0.0,0.0291,0.0291,3.5981,3.5974,3.5974,0.0266,-0.05,0.0356,0.0395,3.6077,24,0.0884,1.5,0.1549,13,5.4288,0.006,"2615,619","-1928,-540",В→З,50756eaa8c297095,8f6f5eaaafa7ba64,train,,R1,-0.0042,0.0167,-0.0141,-0.0023,826,,
30618_2f104a1d,30618,2026-07-27 09:55:25,1248.4414,1248.4414,97059,97059,1,0,,1,2,11422,11432,25018,12509,12254,12266,12158,9.1484,0.0609,9.1564,0.0609,20.0389,0.001,10.0193,0.0454,9.8147,0.0874,9.8244,0.0724,9.7379,0.0856,0.3016,0,0,0,0.3016,0,0,0,0.0657,0,0,0,0,165,0.2236,3.5166,0,83,1.2054,2525,0.0628,0,0.0514,0,0,0,0,0.0,3.4557,160,0,0,0,0.0,52.4173,0,0,0,0.0,52.4229,0.0,0,0.0,0,-15,15,1805,0.3852,0,0.0,0.3079,0.0,0.3079,5.4079,0.0,0,0.0,0.0,10,0,0,0.032,0.2249,0.4912,0.0,-0.0016,0,0.0,0.0,0,0.0,,0.0,0.0,3,0,0.0,,0.0,0.0,1,-0.0,-0.0,1,0.0048,1248.3939,0:34;2:12475,1:12509,0:12509,0,0,0,0.9973,0.002,1248.4228,0:93;2:12173,1:12266,0:12266,0,8,0,0.9924,147.8243,176.7226,55.7989,55.8104,37.3889,37.4623,5.4252,5.4111,14.621,0.559,0,12.4178,11.5474,12.4521,3.6006,3.6007,3.6006,0.0158,-0.0,0.0285,0.0285,3.6,3.6,3.5999,0.0215,-0.05,0.0335,0.0401,3.6104,36,0.0872,0.0,0.0288,0,5.4079,0.014,"-1974,-593","2615,619",З→В,40e8373a42ba3cc0,3d1cc4208526881b,train,,R1,0.0033,0.0121,-0.0079,0.0007,712,,
30618_2f2f1175,30618,2026-08-10 11:06:14,1168.4911,1168.4911,45026,45026,1,0,,1,2,10785,10797,23444,0,0,0,0,9.2291,0.0255,9.2393,0.0255,20.0627,0.0009,,,,,,,,,0.3021,0,0,0,0.3016,0,0,0,0.0559,0,0,0,0,127,0.2099,3.7569,0,143,2.2907,2918,0.0951,0,0.0519,0,0,0,0,0.0,3.7314,126,0,0,0,0.0,53.243,0,0,0,0.0,53.2793,0.0,0,0.0,0,-15,15,1487,0.3553,0,0.0,0.3039,0.0,0.3039,5.3288,7.7,2,7.7,0.1,9,0,0,0.032,0.2249,0.5855,0.0,0.0008,0,0.0,0.0,0,0.0,,0.0,0.0,0,0,0.0,,0.0,0.0,0,-0.0,-0.0,0,,,,,,,,,,,,,,,,,,,,,,,,,,,,,,,,,,,,,,,,,,,,,,,,,,,,,,,,,,de8442712f9cbe87,3ff5daec6e396625,val,,,,,,,,,
30618_33bec73f,30618,2026-08-26 11:32:50,1177.4598,1177.4598,93581,93581,1,0,,1,2,11579,11562,23602,11800,11708,11658,11672,9.8331,0.0536,9.8188,0.0543,20.0441,0.0017,10.0211,0.0478,9.9434,0.0935,9.9003,0.0851,9.913,0.0956,0.2996,0,0,0,0.3013,0,0,0,0.0626,0,0,0,0,152,0.5343,2.5966,0,87,2.4447,5799,0.1006,0,0.0509,0,0,0,0,0.0,2.5949,148,0,0,0,0.0,51.8753,0,0,0,0.0,51.9611,0.0,0,0.0,0,-15,15,1550,0.4081,0,0.0,0.2859,0.0,0.2859,5.3716,0.0,0,0.0,0.2,10,0,1,0.0336,0.3608,10.8242,0.0062,-0.0016,3,3.9769,10.8242,0,0.0,,0.0,0.0,4,0,0.0,,0.0,0.0,22,-0.0,-0.0,1,0.0047,1177.4195,0:573;2:11227,1:11800,0:11800,0,0,0,0.9514,0.0145,1177.4372,0:168;2:11490,1:11658,0:11658,0,2,0,0.9856,147.8517,176.7134,55.7989,55.8104,37.3894,37.4623,5.3793,5.373,14.434,0.617,0,12.4211,12.403,12.4474,3.5983,3.5985,3.5983,0.0156,-0.0,0.0994,0.0994,3.5978,3.5981,3.5978,0.0202,-0.05,0.0999,0.1031,3.6038,30,0.1159,2.5,0.1,0,5.3716,0.008,"-1945,-570","2615,618",З→В,63f545324ac581d2,b4716b2070493e58,train,,R1,0.0044,0.0152,-0.0033,-0.0011,710,,
30618_3b36e5cd,30618,2026-08-10 19:14:30,1255.3914,1255.3914,97902,97902,1,0,,1,2,11649,11658,25163,12521,12362,12547,12002,9.2788,0.0565,9.2859,0.0565,20.0435,0.0009,9.9731,0.0429,9.847,0.082,9.9943,0.0813,9.5602,0.0901,0.3004,0,0,0,0.3004,0,0,0,0.0568,0,0,0,0,186,0.2561,3.8592,0,93,1.4539,8814,0.0873,0,0.0565,0,0,0,0,0.0,3.8028,182,0,0,0,0.0,53.165,0,0,0,0.0,53.2506,0.0,0,3.3827,1,-15,15,1892,0.3242,0,0.0,0.2899,0.0,0.2899,5.4287,9.1,2,9.1,0.1,4,3,0,0.0317,0.2365,0.555,0.0,-0.0007,0,0.0,0.0,0,0.0,,0.0,0.0,0,0,0.0,,0.0,0.0,0,-0.0,-0.0,1,0.0123,1255.3791,0:251;2:12270,1:12521,0:12521,0,6,0,0.98,0.0022,1255.3163,0:386;1:2;2:12159,1:12547,0:12547,0,24,0,0.9691,147.1559,178.5842,55.799,55.8107,37.3896,37.4623,5.5211,5.4132,14.797,0.578,0,12.4171,10.8167,13.2179,3.5962,3.5961,3.5961,0.018,-0.0,0.0287,0.0287,3.5965,3.5962,3.5963,0.0219,-0.05,0.0337,0.0376,3.6024,31,0.0828,0.0,0.0289,0,5.4287,0.039,"2615,618","-1931,-543",В→З,11fa6b3ccbfc7163,b050fe944c849b30,train,,R1,0.0092,0.0171,0.0051,-0.0155,760,,
30618_3ba2326f,30618,2026-08-10 15:08:34,1275.9573,1275.9573,49855,49855,1,0,,1,2,12126,12135,25594,0,0,0,0,9.5034,0.0593,9.5104,0.0593,20.0579,0.0009,,,,,,,,,0.3003,0,0,0,0.3002,0,0,0,0.0595,0,0,0,0,122,0.2135,3.7571,0,109,2.3853,14149,0.095,0,0.0523,0,0,0,0,0.0,3.6979,121,0,0,0,0.0,53.321,0,0,0,0.0,53.3681,0.0,0,3.3595,1,-15,15,1593,0.3813,0,0.0,0.3039,0.0,0.3039,5.2112,10.9,2,10.9,0.0,7,0,0,0.0296,0.2275,0.5843,0.0,0.0016,0,0.0,0.0,0,0.0,,0.0,0.0,4,0,0.0,,0.0,0.0,4,-0.0,-0.0,0,,,,,,,,,,,,,,,,,,,,,,,,,,,,,,,,,,,,,,,,,,,,,,,,,,,,,,,,,,40b8c759fcbe2b7b,9c98ae86e0333839,train,,,,,,,,,
30618_3e012faf,30618,2026-08-10 11:59:30,1018.7888,1018.7888,39573,39573,1,0,,1,2,9555,9565,20453,0,0,0,0,9.3778,0.0381,9.3876,0.0382,20.0749,0.0009,,,,,,,,,0.301,0,0,0,0.3008,0,0,0,0.0744,0,0,0,0,133,0.196,3.887,0,149,2.3312,5219,0.0949,0,0.0514,0,0,0,0,0.0,3.8489,131,0,0,6,-0.3783,53.1632,0,0,5,-0.389,53.2321,0.0,0,3.3562,1,-15,15,1536,0.3004,0,0.0,0.3139,0.0,0.3139,5.1802,0.0,0,0.0,0.0,6,0,0,0.0313,0.2027,0.585,0.0,0.001,0,0.0,0.0,0,0.0,,0.0,0.0,0,0,0.0,,0.0,0.0,0,-0.0,-0.0,0,,,,,,,,,,,,,,,,,,,,,,,,,,,,,,,,,,,,,,,,,,,,,,,,,,,,,,,,,,7b13896a5fae9bc3,3bbbaa58058a8df0,train,,,,,,,,,
30618_3e9f4952,30618,2026-08-26 14:14:08,1320.5477,1320.5477,103181,103181,1,0,,1,2,12411,12390,26458,13230,12951,12961,12780,9.3981,0.0419,9.3823,0.0424,20.0352,0.0017,10.0178,0.0466,9.8069,0.0909,9.8146,0.0839,9.6832,0.0935,0.3004,0,0,0,0.3006,0,0,0,0.0612,0,0,0,0,128,0.3402,2.3238,0,81,2.176,5222,0.1006,0,0.0519,0,0,0,0,0.0,2.3221,126,0,0,0,0.0,53.2057,0,0,0,0.0,53.2561,0.0,0,0.0,0,-15,15,2000,0.3574,0,0.0,0.3119,0.0,0.3119,5.4599,0.0,0,0.0,0.0,8,0,0,0.0322,0.2509,0.8301,0.0,-0.0014,0,0.0,0.0,0,0.0,,0.0,0.0,2,0,0.0,,0.0,0.0,2,-0.0,-0.0,1,0.0012,1320.5466,0:154;2:13076,1:13230,0:13230,0,14,0,0.9884,0.0077,1320.4794,0:907;1:2;2:12052,1:12961,0:12961,0,97,0,0.9299,132.2883,176.7442,55.799,55.8107,37.3893,37.4623,5.4834,5.4673,14.817,0.546,0,12.4183,12.205,15.0122,3.5972,3.5973,3.5973,0.0166,-0.0,0.0277,0.0277,3.5965,3.5967,3.5963,0.0255,-0.05,0.0325,0.0408,3.6048,34,0.085,0.0,0.0279,0,5.4599,0.017,"2614,616","-1955,-555",В→З,69f8406a450d8b72,1ddf961fc012427f,val,,R1,0.0012,0.0113,-0.0162,-0.0062,782,,
30618_40ffd323,30618,2026-08-10 21:02:51,1277.88,1277.88,100190,100190,1,1,,1,2,12009,12019,25607,12801,12701,12527,12526,9.3972,0.0585,9.405,0.0585,20.0379,0.001,10.017,0.0456,9.9385,0.0897,9.8023,0.075,9.8016,0.0881,1.0932,2,6,0,1.0932,2,6,0,1.0426,2,20,0,0,2697,506.6882,3.5498,72,118,1.1764,12801,1.0931,1,1.0484,22,22,60,4747,420.5932,3.4913,151,0,0,0,0.0,53.0378,0,0,0,0.0,53.0526,0.0,0,3.2399,1,-15,15,2091,0.2815,0,1.097,1.097,1.097,1.097,5.4716,0.0,0,0.0,0.0,12,0,0,0.0303,0.2197,0.5639,0.0,0.0014,0,0.0,0.0,0,0.0,,0.0,0.0,18,0,0.0,,0.0,0.0,18,-0.0,-0.0,1,0.0028,1277.8246,0:106;2:12695,1:12801,0:12801,0,16,0,0.9917,0.0012,1277.8636,0:227;2:12300,1:12527,0:12527,0,28,0,0.9819,147.826,176.747,55.799,55.8107,37.3891,37.4623,5.5354,5.4786,14.765,0.583,0,12.4169,12.306,23.5375,3.5962,3.5957,3.596,0.0177,-0.0,0.0521,0.0521,3.5955,3.595,3.595,0.0223,-0.05,0.0405,0.0489,3.6083,29,0.1765,0.0,0.054,0,5.4716,0.024,"2615,619","-1967,-560",В→З,ec951eb3ce04b41e,60663042962147e2,train,,R1,0.0013,0.0107,0.0001,0.0009,815,,
30618_437e855c,30618,2026-08-26 09:19:07,1147.8238,1147.8238,88743,88743,1,0,,1,2,10425,10400,23010,11504,11273,11253,10878,9.082,0.0341,9.0603,0.0347,20.0459,0.0016,10.0223,0.0433,9.8206,0.0845,9.8034,0.0826,9.4766,0.0907,0.302,0,0,0,0.3021,0,0,0,0.0737,0,0,0,0,158,0.4285,2.6333,0,87,2.4591,3207,0.1006,0,0.0512,0,0,0,0,0.0,2.6318,154,0,0,0,0.0,52.879,0,0,0,0.0,52.8936,0.0,0,0.0,0,-15,15,1813,0.3205,0,0.0,0.3059,0.0,0.3059,5.426,0.0,0,0.0,0.0,9,0,0,0.0334,0.2425,0.4418,0.0,-0.0016,0,0.0,0.0,0,0.0,,0.0,0.0,0,0,0.0,,0.0,0.0,0,-0.0,-0.0,1,0.0058,1147.738,0:1011;2:10493,1:11504,0:11504,0,31,0,0.9121,0.0169,1147.7666,0:119;2:11134,1:11253,0:11253,0,35,0,0.9894,146.3498,176.742,55.799,55.8107,37.3897,37.4623,5.5129,5.4161,14.734,0.564,0,12.4207,11.9966,14.9715,3.5951,3.5953,3.5952,0.018,-0.0,0.0286,0.0286,3.5941,3.594,3.5938,0.026,-0.05,0.0328,0.0412,3.602,27,0.0848,0.0,0.0287,0,5.426,0.029,"2615,618","-1930,-540",В→З,e4284ba5e0892072,e1752996f3edf1e9,train,,R1,-0.0021,0.0142,-0.0126,0.0058,769,,
30618_45ff6f99,30618,2026-08-10 20:40:20,13.0972,13.0972,1281,1281,1,0,,1,2,160,169,338,159,157,161,137,12.1425,0.0274,12.8273,0.0279,25.7557,0.0009,12.1153,0.0453,11.9297,0.0869,12.2325,0.0716,10.4046,0.0852,0.1021,0,0,0,0.102,0,0,0,0.0544,0,0,0,0,206,0.1871,3.7664,0,112,2.3376,0,0.0258,0,0.0518,0,0,0,0,0.0,3.7655,202,0,0,0,0.0,0.0,0,0,0,0.0,0.0,0.0,0,0.0,0,0,0,0,1.0,0,0.0,0.12,0.0,0.1219,0.0,0.0,0,0.0,0.0,0,0,0,,,,,,0,0.0,0.0,0,0.0,,0.0,0.0,0,0,0.0,,0.0,0.0,0,,,1,0.0028,13.0414,2:159,1:159,0:159,0,0,0,1.0,0.0011,13.08,2:161,1:161,0:161,0,0,0,1.0,174.4294,174.4459,55.7999,55.7999,37.3895,37.3895,0.0003,0.0001,0.009,0.01,0,12.4297,12.4264,12.4333,,,,,,,,,,,,,,,,,,,,0,0.0,0.009,"-1937,-554","-1937,-554",—,69c459cc22a404bb,09648f2d71205829,train,,R1,,,,,,,
30618_46e21b9b,30618,2026-08-10 11:37:04,1202.4454,1202.4454,46261,46261,1,0,,1,2,11063,11075,24123,0,0,0,0,9.2,0.025,9.2099,0.025,20.0608,0.0009,,,,,,,,,0.9002,1,0,0,0.9002,1,0,0,0.056,0,0,0,0,123,0.2616,3.7523,0,113,2.4557,6438,0.0951,0,0.0512,0,0,0,0,0.0,3.7273,122,0,0,0,0.0,53.1671,0,0,0,0.0,53.1974,0.0,0,0.0,0,-15,15,1467,0.3912,0,0.8698,0.8698,0.8698,0.8698,5.331,15.2,3,11.8,0.0,8,1,0,0.0307,0.2997,6.5464,0.0022,-0.0016,1,1.6156,6.5464,0,0.0,,0.0,0.0,0,0,0.0,,0.0,0.0,6,-0.0,-0.0,0,,,,,,,,,,,,,,,,,,,,,,,,,,,,,,,,,,,,,,,,,,,,,,,,,,,,,,,,,,cc39d08450dccc0a,63da7784f3febe36,train,30618_117c2d02,,,,,,,,
30618_49fe4c54,30618,2026-07-27 15:18:05,1379.9032,1379.9032,108199,108199,1,0,,1,2,13128,13135,27664,13821,13406,13637,13408,9.5133,0.0516,9.5183,0.0515,20.0474,0.0009,10.0156,0.0455,9.7146,0.0885,9.8819,0.083,9.716,0.0921,0.3141,0,0,0,0.3141,0,0,0,0.0615,0,0,0,0,406,129.2105,3.3447,0,96,2.2258,1494,0.0627,0,0.051,0,0,0,177,4.3991,3.2932,162,0,0,0,0.0,53.275,0,0,0,0.0,53.3413,0.0,0,0.0,0,-15,15,1798,0.3632,-15,0.0,0.3159,0.0,0.3299,5.5188,8.8,1,8.8,0.0,7,1,0,0.0326,0.2559,0.6087,0.0,-0.0019,0,0.0,0.0,0,0.0,,0.0,0.0,1,0,0.0,,0.0,0.0,1,-0.0,-0.0,1,0.0096,1379.8443,0:314;1:2;2:13505,1:13821,0:13821,0,27,0,0.9771,0.0021,1379.8915,0:673;1:2;2:12962,1:13637,0:13637,0,28,0,0.9505,147.8714,176.7765,55.799,55.8107,37.389,37.4623,5.5679,5.5155,14.828,0.658,0,12.4178,10.7563,13.1126,3.5987,3.5988,3.5986,0.0184,-0.0,0.0347,0.0347,3.5975,3.5976,3.5973,0.025,-0.05,0.035,0.042,3.6048,32,0.1155,0.0,0.0347,0,5.5188,0.045,"2614,618","-1971,-616",В→З,7a2704c75236790d,bbc70869b67df420,val,,R1,-0.0002,0.0246,-0.0025,0.0072,803,,
30618_4d487b0d,30618,2026-08-10 18:03:36,1072.8233,1072.8233,82202,82202,1,0,,1,2,9569,9579,21505,10417,10296,10425,10411,8.9201,0.0216,8.9294,0.0216,20.0444,0.0009,9.7094,0.04,9.5963,0.0784,9.7166,0.0699,9.7036,0.082,0.3005,0,0,0,0.3005,0,0,0,0.0588,0,0,0,0,948,161.4371,3.6298,0,107,1.1953,1824,0.0874,0,0.0518,0,0,0,731,18.4049,3.6082,159,0,0,0,0.0,53.251,0,0,0,0.0,53.2452,0.0,0,0.5189,1,-15,15,1896,0.1858,0,0.0,0.3175,0.0,0.3175,5.4869,30.3,6,29.3,0.0,11,3,0,0.0313,0.239,0.6777,0.0,-0.0007,0,0.0,0.0,0,0.0,,0.0,0.0,1,0,0.0,,0.0,0.0,2,-0.0,-0.0,1,0.003,1072.778,0:519;1:4;2:9894,1:10417,0:10417,0,10,0,0.9498,0.0015,1072.805,0:539;1:2;2:9884,1:10425,0:10425,0,27,0,0.9481,147.8548,176.7526,55.799,55.8107,37.3891,37.4623,5.5614,5.3322,14.811,0.613,0,12.4189,9.8883,15.5682,3.5954,3.5952,3.5953,0.0189,-0.0,0.0372,0.0372,3.5941,3.5938,3.5938,0.0295,-0.05,0.0347,0.0451,3.602,33,5.0323,23.1,0.7749,182,5.4869,0.032,"2610,611","-1967,-560",В→З,4ac03338e786fbf7,1754190e1257a4f0,train,,R1,0.0014,0.0129,0.0302,-0.0019,768,,
30618_4e1e3181,30618,2026-08-10 09:01:32,1269.3149,1269.3149,50084,50084,1,0,,1,2,12319,12321,25444,0,0,0,0,9.7045,0.0522,9.706,0.0521,20.0449,0.001,,,,,,,,,0.3007,0,0,0,0.3007,0,0,0,0.0634,0,0,0,0,97,0.2505,3.6865,0,97,1.8537,10382,0.0949,0,0.0515,0,0,0,0,0.0,3.6343,97,0,0,0,0.0,51.4179,0,0,0,0.0,51.5076,0.0,0,0.0,0,-15,15,1554,0.419,0,0.0,0.3059,0.0,0.3059,5.4023,0.0,0,0.0,0.0,11,0,0,0.0329,0.2458,0.5828,0.0,-0.002,0,0.0,0.0,0,0.0,,0.0,0.0,1,0,0.0,,0.0,0.0,1,-0.0,-0.0,0,,,,,,,,,,,,,,,,,,,,,,,,,,,,,,,,,,,,,,,,,,,,,,,,,,,,,,,,,,a4b094c74dc18ac7,5b26044b28af4a71,train,,,,,,,,,
30618_5036aa78,30618,2026-08-10 11:34:12,98.8436,98.8436,4071,4071,1,0,,1,2,1005,1016,2050,0,0,0,0,10.1631,0.0512,10.2735,0.0513,20.7297,0.0013,,,,,,,,,0.2004,0,0,0,0.2014,0,0,0,0.0661,0,0,0,0,124,0.2108,3.6715,0,141,2.2995,456,0.0664,0,0.051,0,0,0,0,0.0,3.6201,122,0,0,0,0.0,12.2352,0,0,0,0.0,12.2412,0.0,0,0.0,0,-15,7,43,0.8883,0,0.0,0.2279,0.0,0.2279,0.0304,0.0,0,0.0,0.0,1,0,0,0.0145,0.0569,0.057,0.0,0.0007,0,0.0,0.0,0,0.0,,0.0,0.0,0,0,0.0,,0.0,0.0,0,-0.0,-0.0,0,,,,,,,,,,,,,,,,,,,,,,,,,,,,,,,,,,,,,,,,,,,,,,,,,,,,,,,,,,e2fe627ef4914bdf,ab31786d34a4acc1,train,,,,,,,,,
30618_5eb8d2c9,30618,2026-08-10 21:34:11,745.7764,745.7764,59442,59442,1,0,,1,2,7384,7396,14974,7487,7396,7408,7397,9.9,0.063,9.916,0.063,20.0777,0.001,10.038,0.0486,9.9168,0.0958,9.9329,0.0886,9.9183,0.0986,0.3003,0,0,0,0.3004,0,0,0,0.0543,0,0,0,0,206,0.2743,4.4208,0,135,1.4311,11680,0.093,0,0.0512,0,0,0,0,0.0,4.3579,201,0,0,0,0.0,52.7309,0,0,0,0.0,52.7494,0.0,0,1.1097,1,-15,15,1058,0.2958,0,0.0,0.3099,0.0,0.3099,3.9592,4.3,1,4.3,0.0,4,1,0,0.0331,0.2574,0.5561,0.0,0.0016,0,0.0,0.0,0,0.0,,0.0,0.0,0,0,0.0,,0.0,0.0,2,-0.0,-0.0,1,0.0115,745.7649,0:663;2:6824,1:7487,0:7487,0,0,0,0.9114,0.0018,745.7017,0:11;2:7397,1:7408,0:7408,0,2,0,0.9985,147.8219,172.0225,55.802,55.8104,37.4082,37.4623,3.9638,3.9605,14.65,0.616,0,12.4174,12.0988,12.5138,3.5967,3.5962,3.5964,0.0161,-0.0,0.0297,0.0297,3.5963,3.5959,3.5959,0.0195,-0.05,0.0315,0.0348,3.6027,19,0.0959,0.0,0.0299,0,3.9592,0.01,"-773,-316","2613,616",З→В,2579a04ad8c9e7d7,e6bec592a70fcc25,train,30618_2cb9ce37,R1,0.0099,0.0574,-0.0365,0.0208,510,3.6018,5
30618_616ec56b,30618,2026-07-27 21:27:31,1239.7781,1239.7781,96022,96022,1,0,,1,2,11250,11262,24868,12423,11909,12248,12062,9.0737,0.0343,9.0833,0.0343,20.0581,0.0009,10.0201,0.0464,9.6051,0.0893,9.8785,0.0837,9.7285,0.0932,0.3003,0,0,0,0.3011,0,0,0,0.0718,0,0,0,0,192,0.2009,3.7052,0,110,2.3282,760,0.0542,0,0.0514,0,0,0,0,0.0,3.6709,189,0,0,0,0.0,52.1772,0,0,0,0.0,52.1683,0.0,0,0.0,0,-15,15,1791,0.362,0,0.0,0.3099,0.0,0.3099,5.3923,8.2,2,7.1,0.8,8,0,0,0.0309,0.2407,0.6031,0.0,-0.0043,0,0.0,0.0,0,0.0,,0.0,0.0,17,0,0.0,,0.0,0.0,17,-0.0,-0.0,1,0.0102,1239.7137,0:423;1:4;2:11996,1:12423,0:12423,0,21,0,0.9656,0.0012,1239.7651,0:389;1:8;2:11851,1:12248,0:12248,0,46,0,0.9676,147.8339,176.723,55.7989,55.8104,37.3891,37.4623,5.4083,5.361,14.505,0.602,0,12.4225,11.9661,15.1819,3.5976,3.5981,3.5977,0.0154,-0.0,0.0277,0.0277,3.5972,3.5977,3.5974,0.0243,-0.05,0.0329,0.0416,3.6029,28,0.0862,0.0,0.0279,0,5.3923,0.011,"-1967,-585","2615,618",З→В,104a96dd1b1610e3,f8ba05edd45e9ffb,val,,R1,0.0093,0.0163,0.0153,0.0172,744,,
30618_6236f680,30618,2026-08-10 14:46:59,1272.6464,1272.6464,50122,50122,1,0,,1,2,12288,12302,25532,0,0,0,0,9.6551,0.0506,9.666,0.0506,20.0613,0.0009,,,,,,,,,0.3007,0,0,0,0.3007,0,0,0,0.0981,0,0,0,0,135,0.223,3.9883,0,151,2.4938,9878,0.0949,0,0.0517,0,0,0,0,0.0,3.9377,135,0,0,0,0.0,52.9193,0,0,0,0.0,52.7729,0.0,0,2.0907,1,-15,15,1635,0.3916,0,0.0,0.3099,0.0,0.3099,5.3914,0.0,0,0.0,0.0,9,0,0,0.0311,0.2432,0.5991,0.0,-0.0008,0,0.0,0.0,0,0.0,,0.0,0.0,0,0,0.0,,0.0,0.0,0,-0.0,-0.0,0,,,,,,,,,,,,,,,,,,,,,,,,,,,,,,,,,,,,,,,,,,,,,,,,,,,,,,,,,,2a79c9810ab142c9,ee3ec134b70d8383,train,,,,,,,,,
30618_67b89902,30618,2026-08-26 13:57:15,983.2426,983.2426,77786,77786,1,0,,1,2,9540,9519,19718,9859,9786,9588,9776,9.7021,0.0661,9.681,0.0668,20.0532,0.0017,10.0269,0.0466,9.9522,0.0916,9.7512,0.0874,9.9423,0.098,0.3007,0,0,0,0.3005,0,0,0,0.0618,0,0,0,0,149,0.3931,2.6146,0,79,2.4962,7165,0.1006,0,0.0526,0,0,0,0,0.0,2.6129,144,0,0,0,0.0,51.7363,0,0,0,0.0,51.6767,0.0,0,0.0,0,-15,15,1368,0.3474,0,0.0,0.2899,0.0,0.2899,5.3842,0.0,0,0.0,0.1,6,0,0,0.0321,0.249,0.5517,0.0,-0.0047,0,0.0,0.0,0,0.0,,0.0,0.0,1,0,0.0,,0.0,0.0,0,-0.0,-0.0,1,0.0059,983.1528,0:6;2:9853,1:9859,0:9859,0,0,0,0.9994,0.018,983.1659,0:5;2:9583,1:9588,0:9588,0,0,0,0.9995,147.8229,176.7222,55.7989,55.8103,37.389,37.4621,5.3887,5.3886,14.374,0.603,0,12.4193,12.39,13.6497,3.5984,3.5989,3.5986,0.0149,-0.0,0.0267,0.0267,3.5978,3.5984,3.5981,0.0165,-0.05,0.0306,0.0307,3.6041,34,0.0792,0.0,0.027,0,5.3842,0.007,"-1973,-591","2603,604",З→В,0dd9153e2560bba0,66abb56cee4814b0,train,,R1,0.0017,0.0124,0.0081,0.0096,689,,
30618_68847170,30618,2026-07-27 14:56:53,1210.7584,1210.7584,95240,95240,1,0,,1,2,11461,11472,24284,12132,12084,11914,11893,9.4654,0.0401,9.4744,0.0403,20.0562,0.0009,10.0197,0.0489,9.9797,0.0931,9.8393,0.0851,9.8227,0.0945,0.3007,0,0,0,0.3014,0,0,0,0.0566,0,0,0,0,179,0.1721,3.4414,0,102,2.1057,114,0.0624,0,0.0522,0,0,0,0,0.0,3.4033,175,0,0,0,0.0,52.1359,0,0,0,0.0,52.3423,0.0,0,3.2237,1,-15,15,1915,0.3602,0,0.0,0.3019,0.0,0.3019,5.405,0.0,0,0.0,0.0,8,0,0,0.0292,0.239,0.5249,0.0,-0.0034,0,0.0,0.0,0,0.0,,0.0,0.0,1,0,0.0,,0.0,0.0,0,-0.0,-0.0,1,0.0027,1210.712,0:40;2:12092,1:12132,0:12132,0,0,0,0.9967,0.0013,1210.7554,0:177;2:11737,1:11914,0:11914,0,3,0,0.9851,147.8526,176.7347,55.7989,55.8104,37.389,37.4623,5.4071,5.41,14.58,0.506,0,12.4173,12.3945,14.0006,3.6001,3.6006,3.6004,0.0155,-0.0,0.0272,0.0272,3.5997,3.6002,3.5999,0.0223,-0.05,0.0287,0.0384,3.6076,38,0.0838,0.0,0.0275,0,5.405,0.01,"-1973,-592","2614,618",З→В,e229388f910e4425,49ce3848d727b908,train,,R1,-0.0009,0.0115,-0.026,-0.0002,753,,
30618_68d1748a,30618,2026-07-27 11:16:54,1256.6864,1256.6864,97306,97306,1,0,,1,2,11373,11380,25183,12458,12364,12243,12305,9.0495,0.0413,9.055,0.0413,20.0389,0.0009,9.913,0.0401,9.8379,0.0755,9.7416,0.0692,9.791,0.0806,0.3009,0,0,0,0.3009,0,0,0,0.0607,0,0,0,0,162,761.9174,3.399,0,80,1.2308,2230,0.0628,0,0.0514,0,0,0,0,0.0,3.3577,158,0,0,0,0.0,53.2923,0,0,0,0.0,53.2824,0.0,0,0.0,0,-15,15,1692,0.3549,0,0.0,0.3159,0.0,0.3159,5.4306,0.0,0,0.0,0.0,5,0,0,0.0333,0.2616,4.2257,0.0017,-0.001,1,0.9138,4.2257,0,0.0,,0.0,0.0,6,0,0.0,,0.0,0.0,7,-0.0,-0.0,1,0.0117,1256.6289,0:1386;2:11072,1:12458,0:12458,0,50,0,0.8887,0.002,1256.6756,0:1207;1:6;2:11030,1:12243,0:12243,0,95,0,0.9009,148.508,184.6038,55.799,55.8107,37.3897,37.4623,5.6325,5.4074,14.842,0.671,0,12.4162,11.4066,30.7535,3.5993,3.5992,3.5992,0.0187,-0.0,0.0701,0.0701,3.5992,3.5989,3.5991,0.0245,-0.05,0.0711,0.0743,3.6073,29,0.0996,1.4,0.1828,4,5.4306,0.029,"2615,619","-1930,-542",В→З,268322bfa410ea93,2939caf8fe3c2155,train,,R1,-0.0091,0.1216,0.0064,0.0234,779,,
30618_6cb3280a,30618,2026-08-10 18:53:45,1224.1281,1224.1281,96708,96708,1,0,,1,2,12027,12038,24531,12263,11624,12251,11974,9.8242,0.0504,9.8331,0.0504,20.0391,0.0009,10.0174,0.0429,9.4951,0.0829,10.0073,0.0738,9.7811,0.0875,0.2994,0,0,0,0.2995,0,0,0,0.0565,0,0,0,0,155,0.2245,3.5461,0,116,1.1908,5436,0.0841,0,0.0511,0,0,0,0,0.0,3.4957,152,0,0,0,0.0,52.7871,0,0,0,0.0,52.7653,0.0,0,0.0,0,-15,15,1599,0.3856,0,0.0,0.2999,0.0,0.2999,5.4127,6.5,1,6.5,0.0,9,1,0,0.031,0.2449,0.6609,0.0,-0.0004,0,0.0,0.0,0,0.0,,0.0,0.0,1,0,0.0,,0.0,0.0,1,-0.0,-0.0,1,0.0096,1224.0661,0:52;1:2;2:12209,1:12263,0:12263,0,4,0,0.9956,0.0022,1224.1084,0:5;2:12246,1:12251,0:12251,0,5,0,0.9996,147.7929,175.9823,55.7989,55.8104,37.3889,37.4623,5.4431,5.4067,14.715,0.629,0,12.418,10.4815,12.4533,3.597,3.5971,3.597,0.016,-0.0,0.0295,0.0295,3.5964,3.5963,3.5963,0.0214,-0.05,0.0317,0.0366,3.6027,34,0.0902,0.0,0.0296,0,5.4127,0.018,"-1977,-603","2615,619",З→В,4fe6c70ea58eed5c,495cb436dde27c70,val,,R1,0.0584,0.1065,0.0017,0.0776,723,,
30618_74559c73,30618,2026-08-10 11:57:29,95.3488,95.3488,3957,3957,1,0,,1,2,981,992,1984,0,0,0,0,10.2838,0.0728,10.3983,0.0727,20.7973,0.001,,,,,,,,,0.1015,0,0,0,0.1015,0,0,0,0.0572,0,0,0,0,132,0.2094,3.8718,0,149,2.3747,1776,0.08,0,0.0506,0,0,0,0,0.0,3.8006,130,0,0,0,0.0,23.0574,0,0,0,0.0,22.7818,0.0,0,2.3237,1,-15,7,71,0.56,0,0.0,0.1699,0.0,0.1699,0.1451,7.3,2,5.9,0.0,0,1,0,0.0695,0.5067,0.629,0.0,-0.0208,0,0.0,0.0,0,0.0,,0.0,0.0,0,0,0.0,,0.0,0.0,0,-0.0,-0.0,0,,,,,,,,,,,,,,,,,,,,,,,,,,,,,,,,,,,,,,,,,,,,,,,,,,,,,,,,,,1db00c766438aece,5e2f00a8eb4c97ae,train,,,,,,,,,
30618_748832b9,30618,2026-08-10 19:51:15,1111.5558,1111.5558,87952,87952,1,0,,1,2,10845,10856,22289,11145,11048,10874,10895,9.7562,0.059,9.766,0.059,20.0515,0.0008,10.0257,0.0443,9.939,0.0886,9.7823,0.0833,9.8023,0.0926,0.3124,0,0,0,0.3119,0,0,0,0.0572,0,0,0,0,1067,1082.3146,4.0882,0,117,1.7636,8709,0.0873,0,0.0508,0,0,0,826,21.3006,4.0291,179,0,0,0,0.0,52.3282,0,0,0,0.0,52.3861,0.0,0,2.9263,1,-15,15,1610,0.3154,0,0.0,0.3136,0.0,0.3136,5.41,6.1,1,6.1,0.0,12,0,0,0.0307,0.2334,0.6164,0.0,-0.0001,0,0.0,0.0,0,0.0,,0.0,0.0,2,0,0.0,,0.0,0.0,1,-0.0,-0.0,1,0.0118,1111.544,0:83;2:11062,1:11145,0:11145,0,0,0,0.9926,0.0022,1111.4943,0:253;2:10621,1:10874,0:10874,0,24,0,0.9767,147.8471,176.759,55.7989,55.8104,37.3888,37.4623,5.4687,5.4149,14.628,0.582,0,12.4151,12.3478,12.493,3.5971,3.5971,3.5971,0.0161,-0.0,0.0332,0.0332,3.5966,3.5968,3.5968,0.0194,-0.05,0.0336,0.0355,3.6038,34,0.1062,0.0,0.0333,0,5.41,0.017,"-1981,-599","2615,619",З→В,b4f62da6392d72d5,136f608a69308ff1,train,,R1,-0.0027,0.0129,0.0042,-0.0124,722,,
30618_76e1f9c7,30618,2026-07-27 09:21:16,1295.5297,1295.5297,100928,100928,1,0,,1,2,11916,11926,25959,12979,12469,12971,12708,9.1973,0.0287,9.205,0.0286,20.037,0.001,10.018,0.0429,9.624,0.0834,10.0114,0.0723,9.8085,0.0856,0.3015,0,0,0,0.3016,0,0,0,0.0878,0,0,0,0,157,0.1805,3.4552,0,79,1.1775,2386,0.0626,0,0.0557,0,0,0,0,0.0,3.4266,154,0,0,0,0.0,52.9501,0,0,0,0.0,52.9879,0.0,0,0.0,0,-15,15,1760,0.3532,0,0.0,0.3179,0.0,0.3179,5.4612,0.0,0,0.0,0.0,12,0,0,0.0329,0.2434,0.5647,0.0,-0.0003,0,0.0,0.0,0,0.0,,0.0,0.0,0,0,0.0,,0.0,0.0,1,-0.0,-0.0,1,0.008,1295.4744,0:65;2:12914,1:12979,0:12979,0,6,0,0.995,0.0012,1295.5194,0:619;2:12352,1:12971,0:12971,0,74,0,0.9523,147.8342,176.7298,55.799,55.8107,37.3892,37.4623,5.4582,5.4597,14.719,0.558,0,12.4156,11.2966,12.4477,3.5997,3.5995,3.5995,0.0182,-0.0,0.0289,0.0289,3.5985,3.5981,3.5982,0.0267,-0.05,0.0333,0.0416,3.6055,35,0.0863,0.0,0.029,0,5.4612,0.01,"2615,618","-1955,-555",В→З,d8579af563d0d33e,ff97da1073e696e5,train,,R1,0.0011,0.0124,0.0214,-0.0035,823,,
30618_7849303f,30618,2026-08-10 19:51:15,1111.5558,1111.5558,87952,87952,1,0,,1,2,10845,10856,22289,11145,11048,10874,10895,9.7562,0.059,9.766,0.059,20.0515,0.0008,10.0257,0.0443,9.939,0.0886,9.7823,0.0833,9.8023,0.0926,0.3124,0,0,0,0.3119,0,0,0,0.0572,0,0,0,0,1067,1082.3146,4.0882,0,117,1.7636,8709,0.0873,0,0.0508,0,0,0,826,21.3006,4.0291,179,0,0,0,0.0,52.3282,0,0,0,0.0,52.3861,0.0,0,2.9263,1,-15,15,1610,0.3154,0,0.0,0.3136,0.0,0.3136,5.41,6.1,1,6.1,0.0,12,0,0,0.0307,0.2334,0.6164,0.0,-0.0001,0,0.0,0.0,0,0.0,,0.0,0.0,2,0,0.0,,0.0,0.0,1,-0.0,-0.0,1,0.0118,1111.544,0:83;2:11062,1:11145,0:11145,0,0,0,0.9926,0.0022,1111.4943,0:253;2:10621,1:10874,0:10874,0,24,0,0.9767,147.8471,176.759,55.7989,55.8104,37.3888,37.4623,5.4687,5.4149,14.628,0.582,0,12.4151,12.3478,12.493,3.5971,3.5971,3.5971,0.0161,-0.0,0.0332,0.0332,3.5966,3.5968,3.5968,0.0194,-0.05,0.0336,0.0355,3.6038,34,0.1062,0.0,0.0333,0,5.41,0.017,"-1981,-599","2615,619",З→В,b4f62da6392d72d5,136f608a69308ff1,train,30618_748832b9,R1,-0.0027,0.0129,0.0042,-0.0124,722,,
30618_79b204dc,30618,2026-08-10 07:55:50,1061.5952,1061.5952,41525,41525,1,0,,1,2,10113,10122,21290,0,0,0,0,9.5258,0.0676,9.5342,0.0676,20.054,0.0009,,,,,,,,,0.3006,0,0,0,0.3006,0,0,0,0.0711,0,0,0,0,100,0.2149,4.0438,0,93,1.8027,16426,0.095,0,0.0528,0,0,0,0,0.0,3.9762,99,0,0,0,0.0,51.676,0,0,0,0.0,51.5217,0.0,0,3.1521,1,-15,15,1593,0.3177,0,0.0,0.2999,0.0,0.2999,5.3948,0.0,0,0.0,0.0,9,0,0,0.0341,0.2452,0.6259,0.0,-0.0026,0,0.0,0.0,0,0.0,,0.0,0.0,0,0,0.0,,0.0,0.0,1,-0.0,-0.0,0,,,,,,,,,,,,,,,,,,,,,,,,,,,,,,,,,,,,,,,,,,,,,,,,,,,,,,,,,,4b6006a05e41bd41,06849fd81ce5fef0,val,,,,,,,,,
30618_7a152380,30618,2026-08-10 10:17:58,1253.2554,1253.2554,48202,48202,1,0,,1,2,11525,11537,25140,0,0,0,0,9.1953,0.0637,9.2048,0.0637,20.059,0.0009,,,,,,,,,0.3021,0,0,0,0.3011,0,0,0,0.056,0,0,0,0,127,0.253,3.7562,0,115,2.4794,13836,0.0953,0,0.0513,0,0,0,0,0.0,3.6998,126,0,0,0,0.0,53.151,0,0,0,0.0,53.1685,0.0,0,3.367,1,-15,15,1675,0.3459,0,0.0,0.3079,0.0,0.3079,5.4161,5.1,1,5.1,0.0,9,1,0,0.0315,0.2325,0.5044,0.0,-0.0002,0,0.0,0.0,0,0.0,,0.0,0.0,0,0,0.0,,0.0,0.0,0,-0.0,-0.0,0,,,,,,,,,,,,,,,,,,,,,,,,,,,,,,,,,,,,,,,,,,,,,,,,,,,,,,,,,,3d1715be66aa916a,a65064b08b0c7520,train,,,,,,,,,
30618_7b4d83f4,30618,2026-07-27 12:32:46,1156.8536,1156.8536,91326,91326,1,0,,1,2,11265,11278,23189,11581,11389,11429,11195,9.7374,0.0508,9.7485,0.0508,20.0442,0.0009,10.0107,0.0462,9.8444,0.0912,9.8788,0.0846,9.6766,0.0941,0.3002,0,0,0,0.3002,0,0,0,0.0561,0,0,0,0,259,56.2445,3.6786,0,108,1.2484,507,0.0623,0,0.0522,0,0,0,86,0.0672,3.6278,169,0,0,0,0.0,52.2566,0,0,0,0.0,52.2908,0.0,0,0.0,0,-15,15,1691,0.364,0,0.0,0.3059,0.0,0.3059,5.4167,0.0,0,0.0,0.0,9,0,0,0.0312,0.2726,0.5371,0.0,-0.0026,0,0.0,0.0,0,0.0,,0.0,0.0,1,0,0.0,,0.0,0.0,1,-0.0,-0.0,1,0.0129,1156.7607,0:53;1:2;2:11526,1:11581,0:11581,0,6,0,0.9953,0.0022,1156.8169,0:701;2:10728,1:11429,0:11429,0,21,0,0.9387,147.8727,176.7843,55.7989,55.8104,37.3889,37.4623,5.4338,5.3921,14.53,0.595,0,12.4182,11.7497,13.9858,3.601,3.6014,3.6012,0.0161,-0.0,0.0281,0.0281,3.6006,3.6011,3.6007,0.0224,-0.05,0.0305,0.0375,3.6083,33,0.0844,0.0,0.0284,0,5.4167,0.033,"-1976,-602","2615,619",З→В,44e184640d29f031,1a1b6026058dd744,train,,R1,0.0115,0.0222,0.0023,0.021,742,,
30618_7bfbb5ed,30618,2026-08-10 09:22:58,1254.0665,1254.0665,48383,48383,1,1,,1,2,11618,11630,25135,0,0,0,0,9.2635,0.0601,9.273,0.0601,20.0422,0.001,,,,,,,,,1.2003,1,6,0,1.1999,1,7,0,1.0502,1,17,0,0,102,0.2475,3.6477,30,88,1.4889,13068,1.0895,1,1.05,22,22,65,0,0.0,3.5877,101,0,0,0,0.0,53.3003,0,0,0,0.0,53.3337,0.0,0,0.0,0,-15,15,1863,0.3325,0,1.2476,1.2476,1.2471,1.2471,5.4234,9.0,1,7.7,0.0,9,1,0,0.032,0.2269,0.6629,0.0,0.0005,0,0.0,0.0,0,0.0,,0.0,0.0,14,0,0.0,,0.0,0.0,15,-0.0,-0.0,0,,,,,,,,,,,,,,,,,,,,,,,,,,,,,,,,,,,,,,,,,,,,,,,,,,,,,,,,,,59f0f0f0d2402bf2,f415db7275bb0150,train,30618_2255aade,,,,,,,,
30618_7d88fa79,30618,2026-08-10 14:46:59,1272.6464,1272.6464,50122,50122,1,0,,1,2,12288,12302,25532,0,0,0,0,9.6551,0.0506,9.666,0.0506,20.0613,0.0009,,,,,,,,,0.3007,0,0,0,0.3007,0,0,0,0.0981,0,0,0,0,135,0.223,3.9883,0,151,2.4938,9878,0.0949,0,0.0517,0,0,0,0,0.0,3.9377,135,0,0,0,0.0,52.9193,0,0,0,0.0,52.7729,0.0,0,2.0907,1,-15,15,1635,0.3916,0,0.0,0.3099,0.0,0.3099,5.3914,0.0,0,0.0,0.0,9,0,0,0.0311,0.2432,0.5991,0.0,-0.0008,0,0.0,0.0,0,0.0,,0.0,0.0,0,0,0.0,,0.0,0.0,0,-0.0,-0.0,0,,,,,,,,,,,,,,,,,,,,,,,,,,,,,,,,,,,,,,,,,,,,,,,,,,,,,,,,,,2a79c9810ab142c9,ee3ec134b70d8383,train,30618_6236f680,,,,,,,,
30618_8158f0b0,30618,2026-07-27 21:48:25,1181.4336,1181.4336,92220,92220,1,0,,1,2,10942,10953,23697,11839,11634,11519,11636,9.2615,0.0332,9.2707,0.0332,20.0574,0.0009,10.0201,0.0444,9.8471,0.0887,9.7497,0.0835,9.8488,0.0936,0.3008,0,0,0,0.3008,0,0,0,0.0566,0,0,0,0,179,0.1784,3.415,0,101,2.1276,243,0.0588,0,0.0518,0,0,0,0,0.0,3.3927,174,0,0,0,0.0,53.309,0,0,0,0.0,53.3278,0.0,0,3.1322,1,-15,15,1654,0.3189,0,0.0,0.3139,0.0,0.3139,5.5122,0.0,0,0.0,0.0,7,0,0,0.0345,0.2497,0.5494,0.0,-0.0036,0,0.0,0.0,0,0.0,,0.0,0.0,0,0,0.0,,0.0,0.0,0,-0.0,-0.0,1,0.0121,1181.4215,0:155;2:11684,1:11839,0:11839,0,5,0,0.9869,0.0026,1181.3734,0:282;2:11237,1:11519,0:11519,0,19,0,0.9755,147.8166,176.7726,55.799,55.8107,37.389,37.4623,5.5736,5.5241,14.851,0.525,0,12.418,12.3222,14.0965,3.5961,3.5968,3.5963,0.0182,-0.0,0.0307,0.0307,3.5947,3.5947,3.5945,0.0274,-0.05,0.0325,0.0438,3.6053,32,0.0942,0.0,0.0307,0,5.5122,0.067,"2615,618","-1970,-615",В→З,0455826b4f8104fe,185ca70e1390da42,val,,R1,0.0013,0.0153,0.0168,-0.0051,794,,
30618_81c22fee,30618,2026-08-10 12:37:14,1181.443,1181.443,44944,44944,1,0,,1,2,10615,10626,23703,0,0,0,0,8.984,0.0343,8.9932,0.0343,20.062,0.0009,,,,,,,,,0.3006,0,0,0,0.3007,0,0,0,0.0569,0,0,0,0,126,0.2427,3.7027,0,113,2.3569,8400,0.0951,0,0.0523,0,0,0,0,0.0,3.6684,126,0,0,0,0.0,53.2789,0,0,0,0.0,53.3687,0.0,0,3.1495,1,-15,15,1730,0.3252,0,0.0,0.3179,0.0,0.3179,5.4127,0.0,0,0.0,0.0,6,0,0,0.0319,0.2224,0.545,0.0,-0.0007,0,0.0,0.0,0,0.0,,0.0,0.0,1,0,0.0,,0.0,0.0,1,-0.0,-0.0,0,,,,,,,,,,,,,,,,,,,,,,,,,,,,,,,,,,,,,,,,,,,,,,,,,,,,,,,,,,2d5b80daee04a94d,1e9e6cf85aad5b55,train,,,,,,,,,
30618_87afe526,30618,2026-07-27 12:52:20,1215.8306,1215.8306,95538,95538,1,0,,1,2,11376,11385,24366,12170,12039,12122,12080,9.3564,0.0611,9.3638,0.0611,20.0403,0.0009,10.0088,0.0436,9.9016,0.0879,9.9698,0.0867,9.9353,0.0976,0.3004,0,0,0,0.3003,0,0,0,0.103,0,0,0,0,160,0.1592,3.4756,0,83,1.2689,2678,0.0627,0,0.0509,0,0,0,0,0.0,3.4145,155,0,0,0,0.0,53.3153,0,0,0,0.0,53.295,0.0,0,0.0,0,-15,15,1533,0.3399,0,0.0,0.2999,0.0,0.2999,5.439,10.0,1,10.0,0.0,8,1,0,0.0325,0.2611,0.5321,0.0,-0.0014,0,0.0,0.0,0,0.0,,0.0,0.0,4,0,0.0,,0.0,0.0,4,-0.0,-0.0,1,0.0028,1215.8279,0:581;2:11589,1:12170,0:12170,0,24,0,0.9523,0.0011,1215.7657,0:219;1:138;2:11765,1:12122,0:12122,0,51,0,0.9705,146.7959,177.6479,55.799,55.8107,37.3896,37.4623,5.5673,5.4389,14.818,0.55,0,12.4399,12.0907,78.5233,3.5997,3.5997,3.5996,0.0177,-0.0,0.029,0.029,3.5995,3.5998,3.5995,0.0222,-0.05,0.034,0.0364,3.604,28,0.0874,0.1,0.098,1,5.439,0.049,"2615,619","-1935,-546",В→З,56227f28787f2140,0bbc5c7878586ce5,train,,R1,0.0002,0.028,0.0043,0.005,803,,
30618_88548b02,30618,2026-09-03 18:55:54,1253.2423,1253.2423,97925,97925,1,0,,1,2,11596,11575,25114,12558,12446,12289,12347,9.2521,0.0542,9.2355,0.0546,20.0388,0.0013,10.0198,0.0474,9.9309,0.0872,9.8057,0.0844,9.8519,0.0949,0.2996,0,0,0,0.2993,0,0,0,0.073,0,0,0,0,145,0.4412,2.4303,0,80,2.276,8521,0.0855,0,0.0512,0,0,0,0,0.0,2.429,142,0,0,0,0.0,51.7841,0,0,0,0.0,51.7095,0.0,0,1.8199,1,-15,15,1836,0.3894,0,0.0,0.2979,0.0,0.2839,5.3338,0.0,0,0.0,0.6,6,0,0,0.0365,0.387,1.1181,0.0,0.0068,0,0.0,0.0,0,0.0,,0.0,0.0,5,0,0.0,,0.0,0.0,3,-0.0,-0.0,1,0.006,1253.218,0:3219;1:2;2:9337,1:12558,0:12558,0,92,0,0.7435,0.0197,1253.15,0:165;2:12124,1:12289,0:12289,0,93,0,0.9866,145.6882,177.1971,55.7989,55.8104,37.3893,37.4623,5.9394,5.3742,14.471,0.619,0,12.4172,12.4041,12.445,3.5783,3.577,3.5775,0.016,-0.0,0.0325,0.0325,3.5782,3.5768,3.5775,0.0212,-0.05,0.0378,0.0411,3.5832,13,0.1067,0.0,0.0329,0,5.3338,0.007,"-1949,-567","2615,618",З→В,80c7ab8619cdac75,44af32fd9ee6e04b,train,,R1,-0.0116,0.43,0.0128,-0.0229,732,,
30618_887a2b9a,30618,2026-08-10 07:55:50,1061.5952,1061.5952,41525,41525,1,0,,1,2,10113,10122,21290,0,0,0,0,9.5258,0.0676,9.5342,0.0676,20.054,0.0009,,,,,,,,,0.3006,0,0,0,0.3006,0,0,0,0.0711,0,0,0,0,100,0.2149,4.0438,0,93,1.8027,16426,0.095,0,0.0528,0,0,0,0,0.0,3.9762,99,0,0,0,0.0,51.676,0,0,0,0.0,51.5217,0.0,0,3.1521,1,-15,15,1593,0.3177,0,0.0,0.2999,0.0,0.2999,5.3948,0.0,0,0.0,0.0,9,0,0,0.0341,0.2452,0.6259,0.0,-0.0026,0,0.0,0.0,0,0.0,,0.0,0.0,0,0,0.0,,0.0,0.0,1,-0.0,-0.0,0,,,,,,,,,,,,,,,,,,,,,,,,,,,,,,,,,,,,,,,,,,,,,,,,,,,,,,,,,,4b6006a05e41bd41,06849fd81ce5fef0,train,30618_79b204dc,,,,,,,,
30618_8eb8615c,30618,2026-08-10 10:45:55,1198.4574,1198.4574,45797,45797,1,0,,1,2,10866,10881,24050,0,0,0,0,9.0662,0.0557,9.0787,0.0557,20.0666,0.0009,,,,,,,,,0.3017,0,0,0,0.3011,0,0,0,0.0552,0,0,0,0,140,0.3178,4.0047,0,125,2.6801,10648,0.095,0,0.0517,0,0,0,0,0.0,3.9931,139,0,0,0,0.0,52.2862,0,0,0,0.0,52.2042,0.0,0,2.3319,1,-15,15,1636,0.3481,0,0.0,0.3079,0.0,0.3079,5.3984,3.7,1,3.7,0.0,11,0,0,0.0312,0.2172,0.5832,0.0,-0.0019,0,0.0,0.0,0,0.0,,0.0,0.0,0,0,0.0,,0.0,0.0,1,-0.0,-0.0,0,,,,,,,,,,,,,,,,,,,,,,,,,,,,,,,,,,,,,,,,,,,,,,,,,,,,,,,,,,148514b7ce92f0c2,32d487e72dbc7bcb,val,30618_2d2fa7be,,,,,,,,
30618_8f08df08,30618,2026-08-10 10:17:58,1253.2554,1253.2554,48202,48202,1,0,,1,2,11525,11537,25140,0,0,0,0,9.1953,0.0637,9.2048,0.0637,20.059,0.0009,,,,,,,,,0.3021,0,0,0,0.3011,0,0,0,0.056,0,0,0,0,127,0.253,3.7562,0,115,2.4794,13836,0.0953,0,0.0513,0,0,0,0,0.0,3.6998,126,0,0,0,0.0,53.151,0,0,0,0.0,53.1685,0.0,0,3.367,1,-15,15,1675,0.3459,0,0.0,0.3079,0.0,0.3079,5.4161,5.1,1,5.1,0.0,9,1,0,0.0315,0.2325,0.5044,0.0,-0.0002,0,0.0,0.0,0,0.0,,0.0,0.0,0,0,0.0,,0.0,0.0,0,-0.0,-0.0,0,,,,,,,,,,,,,,,,,,,,,,,,,,,,,,,,,,,,,,,,,,,,,,,,,,,,,,,,,,3d1715be66aa916a,a65064b08b0c7520,train,30618_7a152380,,,,,,,,
30618_92b1b453,30618,2026-08-10 12:37:14,1181.443,1181.443,44944,44944,1,0,,1,2,10615,10626,23703,0,0,0,0,8.984,0.0343,8.9932,0.0343,20.062,0.0009,,,,,,,,,0.3006,0,0,0,0.3007,0,0,0,0.0569,0,0,0,0,126,0.2427,3.7027,0,113,2.3569,8400,0.0951,0,0.0523,0,0,0,0,0.0,3.6684,126,0,0,0,0.0,53.2789,0,0,0,0.0,53.3687,0.0,0,3.1495,1,-15,15,1730,0.3252,0,0.0,0.3179,0.0,0.3179,5.4127,0.0,0,0.0,0.0,6,0,0,0.0319,0.2224,0.545,0.0,-0.0007,0,0.0,0.0,0,0.0,,0.0,0.0,1,0,0.0,,0.0,0.0,1,-0.0,-0.0,0,,,,,,,,,,,,,,,,,,,,,,,,,,,,,,,,,,,,,,,,,,,,,,,,,,,,,,,,,,2d5b80daee04a94d,1e9e6cf85aad5b55,train,30618_81c22fee,,,,,,,,
30618_93dc866e,30618,2026-08-10 20:44:33,1080.6501,1080.6501,85001,85001,1,0,,1,2,10418,10427,21666,10833,10602,10433,10622,9.6403,0.0458,9.6485,0.0458,20.0487,0.001,10.0241,0.0475,9.81,0.0932,9.6536,0.0843,9.8286,0.0941,0.3006,0,0,0,0.3005,0,0,0,0.0715,0,0,0,0,1046,1063.7315,3.7807,0,123,1.343,4704,0.0947,0,0.0513,0,0,0,797,20.2068,3.7348,181,0,0,0,0.0,52.6177,0,0,0,0.0,52.5845,0.0,0,0.0,0,-15,15,1431,0.3965,0,0.0,0.3119,0.0,0.3119,4.5519,2.3,1,2.3,0.0,8,0,0,0.0315,0.2194,0.5115,0.0,0.0013,0,0.0,0.0,0,0.0,,0.0,0.0,0,0,0.0,,0.0,0.0,0,-0.0,-0.0,1,0.0116,1080.5931,0:3902;2:6931,1:10833,0:10833,0,0,0,0.6398,0.0026,1080.6373,0:99;2:10334,1:10433,0:10433,0,0,0,0.9905,147.8376,173.9541,55.7991,55.8104,37.4014,37.4623,4.5684,4.5612,14.631,0.606,0,12.4184,12.4037,12.4656,3.5967,3.5967,3.5967,0.015,-0.0,0.0321,0.0321,3.5961,3.5962,3.596,0.0221,-0.05,0.0287,0.0385,3.6025,21,0.1016,0.0,0.0325,0,4.5519,0.006,"-1192,-635","2615,619",З→В,36aa0c3d9563a14a,46f9a7df97a1d491,train,30618_2366c74a,R1,0.0053,0.0565,0.1121,0.0185,598,3.603,7
30618_95c49c30,30618,2026-08-10 09:01:32,1269.3149,1269.3149,50084,50084,1,0,,1,2,12319,12321,25444,0,0,0,0,9.7045,0.0522,9.706,0.0521,20.0449,0.001,,,,,,,,,0.3007,0,0,0,0.3007,0,0,0,0.0634,0,0,0,0,97,0.2505,3.6865,0,97,1.8537,10382,0.0949,0,0.0515,0,0,0,0,0.0,3.6343,97,0,0,0,0.0,51.4179,0,0,0,0.0,51.5076,0.0,0,0.0,0,-15,15,1554,0.419,0,0.0,0.3059,0.0,0.3059,5.4023,0.0,0,0.0,0.0,11,0,0,0.0329,0.2458,0.5828,0.0,-0.002,0,0.0,0.0,0,0.0,,0.0,0.0,1,0,0.0,,0.0,0.0,1,-0.0,-0.0,0,,,,,,,,,,,,,,,,,,,,,,,,,,,,,,,,,,,,,,,,,,,,,,,,,,,,,,,,,,a4b094c74dc18ac7,5b26044b28af4a71,train,30618_4e1e3181,,,,,,,,
30618_98161270,30618,2026-08-10 20:39:31,38.6538,38.6538,3266,3266,1,0,,1,2,411,423,849,412,362,415,394,10.6083,0.0289,10.9175,0.0289,21.9454,0.0008,10.6486,0.0454,9.3434,0.0876,10.7184,0.0721,10.175,0.0857,0.1997,0,0,0,0.1997,0,0,0,0.0551,0,0,0,0,204,0.2811,3.7652,0,117,2.4833,0,0.0386,0,0.0534,0,0,0,0,0.0,3.7588,199,0,0,0,0.0,0.0,0,0,0,0.0,0.0,0.0,0,0.0,0,0,0,0,1.0,0,0.0,0.1839,0.0,0.1839,0.0,0.0,0,0.0,0.0,0,0,0,,,,,,0,0.0,0.0,0,0.0,,0.0,0.0,0,0,0.0,,0.0,0.0,0,,,1,0.005,38.5966,2:412,1:412,0:412,0,0,0,1.0,0.0021,38.6252,2:415,1:415,0:415,0,0,0,1.0,174.4246,174.4496,55.7999,55.7999,37.3895,37.3895,0.0009,0.0001,0.009,0.018,0,12.4296,12.4241,12.4339,,,,,,,,,,,,,,,,,,,,0,0.0,0.008,"-1937,-554","-1937,-554",—,7599cb1b9c96e3b1,272112bce715aed7,val,,R1,,,,,,,
30618_9bbe6faa,30618,2026-08-10 13:56:40,1218.5269,1218.5269,46379,46379,1,0,,1,2,10958,10970,24451,0,0,0,0,8.9924,0.0261,9.0022,0.026,20.0652,0.0009,,,,,,,,,0.3008,0,0,0,0.3008,0,0,0,0.056,0,0,0,0,139,0.2566,4.0658,0,153,2.5418,3520,0.0951,0,0.051,0,0,0,0,0.0,4.0398,139,0,0,0,0.0,52.6802,0,0,0,0.0,52.638,0.0,0,3.2255,1,-15,15,1535,0.3951,0,0.0,0.3199,0.0,0.3199,5.4103,2.6,1,2.6,0.0,9,0,0,0.0307,0.2378,0.6048,0.0,-0.0007,0,0.0,0.0,0,0.0,,0.0,0.0,0,0,0.0,,0.0,0.0,0,-0.0,-0.0,0,,,,,,,,,,,,,,,,,,,,,,,,,,,,,,,,,,,,,,,,,,,,,,,,,,,,,,,,,,9002ee313b866236,fc2bbdfd6a9c161c,train,,,,,,,,,
30618_9c09b081,30618,2026-07-27 20:09:33,1328.6432,1328.6432,104119,104119,1,0,,1,2,12662,12670,26626,13307,12999,12941,12914,9.5305,0.0583,9.5364,0.0583,20.0394,0.001,10.0153,0.0437,9.7832,0.0839,9.7395,0.0805,9.7193,0.0899,0.2062,0,0,0,0.206,0,0,0,0.0598,0,0,0,0,168,0.1806,3.7188,0,83,1.4419,916,0.0544,0,0.0517,0,0,0,0,0.0,3.6604,163,0,0,0,0.0,53.3085,0,0,0,0.0,53.3623,0.0,0,3.2709,1,-15,15,1793,0.35,0,0.0,0.2499,0.0,0.2499,5.4701,0.0,0,0.0,0.0,5,0,0,0.0331,0.2387,0.6906,0.0,-0.0045,0,0.0,0.0,0,0.0,,0.0,0.0,1,0,0.0,,0.0,0.0,1,-0.0,-0.0,1,0.0094,1328.5655,0:900;2:12407,1:13307,0:13307,0,52,0,0.9324,0.002,1328.6092,0:329;1:637;2:11975,1:12941,0:12941,0,84,0,0.9254,147.6279,179.6351,55.799,55.8107,37.3891,37.4623,5.6925,5.4742,14.816,0.544,0,12.4208,12.0069,81.8754,3.5961,3.5966,3.5963,0.0188,-0.0,0.0296,0.0296,3.5954,3.596,3.5955,0.0233,-0.05,0.0329,0.0362,3.6015,24,0.0881,0.0,0.0298,0,5.4701,0.041,"2615,619","-1967,-560",В→З,23ae5c7564639253,c80510c74ec651ec,train,,R1,0.0023,0.0154,0.0078,-0.0095,825,,
30618_9c10cd0d,30618,2026-08-10 13:56:40,1218.5269,1218.5269,46379,46379,1,0,,1,2,10958,10970,24451,0,0,0,0,8.9924,0.0261,9.0022,0.026,20.0652,0.0009,,,,,,,,,0.3008,0,0,0,0.3008,0,0,0,0.056,0,0,0,0,139,0.2566,4.0658,0,153,2.5418,3520,0.0951,0,0.051,0,0,0,0,0.0,4.0398,139,0,0,0,0.0,52.6802,0,0,0,0.0,52.638,0.0,0,3.2255,1,-15,15,1535,0.3951,0,0.0,0.3199,0.0,0.3199,5.4103,2.6,1,2.6,0.0,9,0,0,0.0307,0.2378,0.6048,0.0,-0.0007,0,0.0,0.0,0,0.0,,0.0,0.0,0,0,0.0,,0.0,0.0,0,-0.0,-0.0,0,,,,,,,,,,,,,,,,,,,,,,,,,,,,,,,,,,,,,,,,,,,,,,,,,,,,,,,,,,9002ee313b866236,fc2bbdfd6a9c161c,train,30618_9bbe6faa,,,,,,,,
30618_a395846d,30618,2026-08-10 20:10:08,1311.2853,1311.2853,101570,101570,1,0,,1,2,11952,11962,26282,13105,12827,12884,12558,9.114,0.0598,9.1216,0.0598,20.0425,0.0009,9.9937,0.0437,9.7815,0.0839,9.8249,0.0801,9.5764,0.0888,0.4003,0,0,0,0.3005,0,0,0,0.0579,0,0,0,0,282,125.088,3.7351,0,93,1.3842,10075,0.0874,0,0.0507,0,0,0,33,0.8058,3.6753,180,0,0,0,0.0,53.3087,0,0,0,0.0,53.3496,0.0,0,3.0572,1,-15,15,1950,0.3439,0,0.0,0.4039,0.0,0.3099,5.4621,4.2,1,4.2,0.0,7,0,0,0.0309,0.2266,0.5188,0.0,0.0001,0,0.0,0.0,0,0.0,,0.0,0.0,1,0,0.0,,0.0,0.0,1,-0.0,-0.0,1,0.0096,1311.2238,0:612;2:12493,1:13105,0:13105,0,37,0,0.9533,0.0014,1311.2558,0:457;1:2;2:12425,1:12884,0:12884,0,92,0,0.9644,145.4966,176.7485,55.799,55.8107,37.3892,37.4623,5.6118,5.458,14.84,0.515,0,12.4168,12.2211,25.2391,3.5963,3.5959,3.5962,0.0174,-0.0,0.0396,0.0396,3.5963,3.5958,3.5959,0.0217,-0.05,0.0338,0.037,3.6023,25,0.1252,0.0,0.0401,0,5.4621,0.018,"2615,619","-1960,-557",В→З,9448e7477d5a4398,37b306680e9d6c5a,train,30618_1cc230fa,R1,-0.0065,0.0147,0.0213,0.017,770,,
30618_a53d5f6f,30618,2026-08-26 12:43:24,1210.1988,1210.1988,93803,93803,1,0,,1,2,11071,11049,24253,11949,11813,11859,11809,9.1474,0.0407,9.1294,0.0414,20.0401,0.0016,9.8732,0.0442,9.7604,0.085,9.7986,0.0846,9.7573,0.0938,0.3066,0,0,0,0.3069,0,0,0,0.1326,0,0,0,0,141,0.4354,2.4276,0,95,2.2563,4403,0.1006,0,0.0519,0,0,0,0,0.0,2.426,137,0,0,0,0.0,53.2488,0,0,0,0.0,53.392,0.0,0,0.0,0,-15,15,2089,0.2944,0,0.0,0.3219,0.0,0.3219,5.4314,0.0,0,0.0,0.0,7,0,0,0.0321,0.2526,0.6448,0.0,-0.0006,0,0.0,0.0,0,0.0,,0.0,0.0,0,0,0.0,,0.0,0.0,1,-0.0,-0.0,1,0.0059,1210.1402,0:295;2:11654,1:11949,0:11949,0,20,0,0.9753,0.017,1210.1725,0:358;2:11501,1:11859,0:11859,0,35,0,0.9698,147.8242,177.1661,55.799,55.8107,37.3897,37.4623,5.4903,5.4313,14.855,0.545,0,12.4176,12.4001,14.6415,3.5973,3.597,3.5971,0.0164,-0.0,0.0281,0.0281,3.5965,3.5961,3.5962,0.0242,-0.05,0.0325,0.0402,3.6049,30,0.0835,0.1,0.0408,0,5.4314,0.031,"2613,614","-1928,-540",В→З,77dad5045356c91d,c9a26375e28e124b,val,,R1,-0.0013,0.0133,-0.007,-0.0052,783,,
30618_a869780d,30618,2026-08-26 21:50:44,1083.6916,1083.6916,84134,84134,1,0,,1,2,9898,9872,21731,10866,10602,10629,10536,9.1332,0.031,9.1094,0.0315,20.0519,0.0013,10.0262,0.047,9.783,0.0898,9.8083,0.0841,9.7224,0.0934,0.3003,0,0,0,0.3003,0,0,0,0.0573,0,0,0,0,165,0.4559,2.8158,0,91,2.6436,1592,0.0614,0,0.0508,0,0,0,0,0.0,2.8145,161,0,0,0,0.0,53.1445,0,0,0,0.0,53.23,0.0,0,2.1917,1,-15,15,1665,0.3276,0,0.0,0.3179,0.0,0.3179,5.3009,0.0,0,0.0,0.1,7,0,0,0.0313,0.2439,0.6447,0.0,-0.0014,0,0.0,0.0,0,0.0,,0.0,0.0,1,0,0.0,,0.0,0.0,1,-0.0,-0.0,1,0.006,1083.6627,0:787;2:10079,1:10866,0:10866,0,28,0,0.9276,0.018,1083.5772,0:118;1:5;2:10506,1:10629,0:10629,0,51,0,0.9884,142.3935,176.747,55.799,55.8101,37.3897,37.4614,5.4,5.3046,14.765,0.557,0,12.4209,12.3035,103.0103,3.5986,3.5991,3.5988,0.0161,-0.0,0.0269,0.0269,3.5982,3.5984,3.598,0.0254,-0.05,0.0323,0.0429,3.6058,23,0.0785,0.0,0.0273,0,5.3009,0.034,"2555,588","-1926,-566",В→З,6149630709444f9a,c93c1190cfe7cb32,train,,R1,0.0011,0.0143,-0.0301,-0.0051,702,,
30618_ab5921a4,30618,2026-07-27 18:09:13,1151.4852,1151.4852,89439,89439,1,0,,1,2,10627,10637,23083,11541,11262,11029,11260,9.2282,0.0657,9.2368,0.0657,20.0455,0.001,10.0221,0.0428,9.7803,0.0863,9.5779,0.0789,9.7786,0.0873,0.3028,0,0,0,0.3029,0,0,0,0.0594,0,0,0,0,165,0.2069,3.8332,0,86,1.5944,1470,0.0569,0,0.0527,0,0,0,0,0.0,3.7675,161,0,0,0,0.0,53.048,0,0,0,0.0,53.0688,0.0,0,3.3788,1,-15,15,1914,0.2438,0,0.0,0.3059,0.0,0.3059,5.4545,0.0,0,0.0,0.1,7,0,0,0.0318,0.232,0.56,0.0,-0.0019,0,0.0,0.0,0,0.0,,0.0,0.0,1,0,0.0,,0.0,0.0,1,-0.0,-0.0,1,0.0055,1151.4553,0:518;2:11023,1:11541,0:11541,0,39,0,0.9551,0.0022,1151.3971,0:684;2:10345,1:11029,0:11029,0,70,0,0.938,146.6849,194.647,55.799,55.8107,37.3893,37.4623,5.5884,5.4629,14.776,0.522,0,12.4204,11.1224,43.9476,3.597,3.5977,3.5974,0.0205,-0.0,0.0316,0.0316,3.5973,3.5976,3.5972,0.0229,-0.05,0.037,0.0378,3.5997,23,0.0968,0.0,0.032,0,5.4545,0.042,"2615,619","-1952,-554",В→З,47ad028543000a77,b4742ae9b8e5ea3d,train,,R1,0.0037,0.0169,-0.0292,-0.0087,843,,
30618_ae4eb346,30618,2026-08-10 19:14:30,1255.3914,1255.3914,97902,97902,1,0,,1,2,11649,11658,25163,12521,12362,12547,12002,9.2788,0.0565,9.2859,0.0565,20.0435,0.0009,9.9731,0.0429,9.847,0.082,9.9943,0.0813,9.5602,0.0901,0.3004,0,0,0,0.3004,0,0,0,0.0568,0,0,0,0,186,0.2561,3.8592,0,93,1.4539,8814,0.0873,0,0.0565,0,0,0,0,0.0,3.8028,182,0,0,0,0.0,53.165,0,0,0,0.0,53.2506,0.0,0,3.3827,1,-15,15,1892,0.3242,0,0.0,0.2899,0.0,0.2899,5.4287,9.1,2,9.1,0.1,4,3,0,0.0317,0.2365,0.555,0.0,-0.0007,0,0.0,0.0,0,0.0,,0.0,0.0,0,0,0.0,,0.0,0.0,0,-0.0,-0.0,1,0.0123,1255.3791,0:251;2:12270,1:12521,0:12521,0,6,0,0.98,0.0022,1255.3163,0:386;1:2;2:12159,1:12547,0:12547,0,24,0,0.9691,147.1559,178.5842,55.799,55.8107,37.3896,37.4623,5.5211,5.4132,14.797,0.578,0,12.4171,10.8167,13.2179,3.5962,3.5961,3.5961,0.018,-0.0,0.0287,0.0287,3.5965,3.5962,3.5963,0.0219,-0.05,0.0337,0.0376,3.6024,31,0.0828,0.0,0.0289,0,5.4287,0.039,"2615,618","-1931,-543",В→З,11fa6b3ccbfc7163,b050fe944c849b30,train,30618_3b36e5cd,R1,0.0092,0.0171,0.0051,-0.0155,760,,
30618_af7496f0,30618,2026-08-10 21:46:55,262.9482,262.9482,20921,20921,1,0,,1,2,2570,2580,5306,2653,2642,2553,2617,9.7721,0.0343,9.8097,0.0343,20.1796,0.001,10.0878,0.0445,10.0442,0.0873,9.7054,0.0847,9.9529,0.0945,0.9894,1,0,0,0.9895,1,0,0,0.9447,1,0,0,0,1652,143.4669,3.5465,0,88,1.159,255,0.0975,0,0.051,0,0,0,1432,35.8973,3.5122,153,0,0,0,0.0,38.9545,0,0,0,0.0,39.0022,0.0,0,3.2762,1,-15,15,423,0.5262,0,0.0,0.3339,0.0,0.3339,0.4496,0.0,0,0.0,0.1,0,0,2,0.0329,0.2846,0.5878,0.0,-0.01,0,0.0,0.0,0,0.0,,0.0,0.0,0,0,0.0,,0.0,0.0,0,-0.0,-0.0,1,0.0104,262.8923,0:74;2:2579,1:2653,0:2653,0,1,0,0.9721,0.0024,262.9458,0:119;1:2;2:2432,1:2553,0:2553,0,3,0,0.9526,167.3136,173.5452,55.8078,55.8107,37.4593,37.4623,0.4693,0.4526,10.818,0.322,0,12.4385,12.1607,13.8218,3.5944,3.5941,3.5935,0.0442,-0.0,0.0643,0.0643,3.6006,3.6012,3.6008,0.0524,-0.05,0.0381,0.0492,,,0.3134,0.0,0.0653,0,0.4496,0.011,"2615,621","2426,329",—,71be416c6e732d0f,69d346480a0c1633,train,,R1,0.513,0.513,0.1453,-0.2833,99,,
30618_b1098bdb,30618,2026-08-10 15:08:34,1275.9573,1275.9573,49855,49855,1,0,,1,2,12126,12135,25594,0,0,0,0,9.5034,0.0593,9.5104,0.0593,20.0579,0.0009,,,,,,,,,0.3003,0,0,0,0.3002,0,0,0,0.0595,0,0,0,0,122,0.2135,3.7571,0,109,2.3853,14149,0.095,0,0.0523,0,0,0,0,0.0,3.6979,121,0,0,0,0.0,53.321,0,0,0,0.0,53.3681,0.0,0,3.3595,1,-15,15,1593,0.3813,0,0.0,0.3039,0.0,0.3039,5.2112,10.9,2,10.9,0.0,7,0,0,0.0296,0.2275,0.5843,0.0,0.0016,0,0.0,0.0,0,0.0,,0.0,0.0,4,0,0.0,,0.0,0.0,4,-0.0,-0.0,0,,,,,,,,,,,,,,,,,,,,,,,,,,,,,,,,,,,,,,,,,,,,,,,,,,,,,,,,,,40b8c759fcbe2b7b,9c98ae86e0333839,val,30618_3ba2326f,,,,,,,,
30618_b15eafc3,30618,2026-07-27 10:55:44,1255.1881,1255.1881,98430,98430,1,0,,1,2,11688,11695,25157,12578,12417,12422,12473,9.3111,0.059,9.3167,0.059,20.0418,0.001,10.0204,0.0436,9.8918,0.0843,9.8958,0.0726,9.9364,0.0865,0.3011,0,0,0,0.3011,0,0,0,0.057,0,0,0,0,172,0.1961,3.6544,0,88,1.3634,2396,0.0627,0,0.0519,0,0,0,0,0.0,3.5954,167,0,0,0,0.0,52.1272,0,0,0,0.0,51.9927,0.0,0,0.0,0,-15,15,1845,0.3851,0,0.0,0.2999,0.0,0.2999,5.4067,0.0,0,0.0,0.1,9,0,0,0.0313,0.2454,0.5588,0.0,-0.0018,0,0.0,0.0,0,0.0,,0.0,0.0,3,0,0.0,,0.0,0.0,4,-0.0,-0.0,1,0.0029,1255.1432,0:199;2:12379,1:12578,0:12578,0,0,0,0.9842,0.0013,1255.1757,0:89;2:12333,1:12422,0:12422,0,4,0,0.9928,148.2705,176.7333,55.7989,55.8104,37.389,37.4623,5.4312,5.4094,14.43,0.584,0,12.4239,12.404,12.9607,3.6006,3.6008,3.6008,0.0164,-0.0,0.0296,0.0296,3.6005,3.6004,3.6004,0.0207,-0.05,0.0352,0.0382,3.6115,38,0.0898,0.0,0.0299,0,5.4067,0.009,"-1974,-592","2615,619",З→В,444efeffbd67b91c,2d009c9f840f5d81,train,,R1,-0.0282,0.0677,-0.0072,-0.0646,731,,
30618_b3042f78,30618,2026-08-10 18:03:36,1072.8233,1072.8233,82202,82202,1,0,,1,2,9569,9579,21505,10417,10296,10425,10411,8.9201,0.0216,8.9294,0.0216,20.0444,0.0009,9.7094,0.04,9.5963,0.0784,9.7166,0.0699,9.7036,0.082,0.3005,0,0,0,0.3005,0,0,0,0.0588,0,0,0,0,948,161.4371,3.6298,0,107,1.1953,1824,0.0874,0,0.0518,0,0,0,731,18.4049,3.6082,159,0,0,0,0.0,53.251,0,0,0,0.0,53.2452,0.0,0,0.5189,1,-15,15,1896,0.1858,0,0.0,0.3175,0.0,0.3175,5.4869,30.3,6,29.3,0.0,11,3,0,0.0313,0.239,0.6777,0.0,-0.0007,0,0.0,0.0,0,0.0,,0.0,0.0,1,0,0.0,,0.0,0.0,2,-0.0,-0.0,1,0.003,1072.778,0:519;1:4;2:9894,1:10417,0:10417,0,10,0,0.9498,0.0015,1072.805,0:539;1:2;2:9884,1:10425,0:10425,0,27,0,0.9481,147.8548,176.7526,55.799,55.8107,37.3891,37.4623,5.5614,5.3322,14.811,0.613,0,12.4189,9.8883,15.5682,3.5954,3.5952,3.5953,0.0189,-0.0,0.0372,0.0372,3.5941,3.5938,3.5938,0.0295,-0.05,0.0347,0.0451,3.602,33,5.0323,23.1,0.7749,182,5.4869,0.032,"2610,611","-1967,-560",В→З,4ac03338e786fbf7,1754190e1257a4f0,train,30618_4d487b0d,R1,0.0014,0.0129,0.0302,-0.0019,768,,
30618_b8044aa0,30618,2026-07-27 08:59:38,1272.1415,1272.1415,98927,98927,1,0,,1,2,11660,11670,25490,12745,12124,12679,12559,9.1655,0.0585,9.1733,0.0585,20.0368,0.001,10.0178,0.0433,9.5302,0.0837,9.9665,0.0804,9.8722,0.0891,0.3006,0,0,0,0.3008,0,0,0,0.0931,0,0,0,0,132,0.1666,3.4635,0,78,1.2618,1782,0.0627,0,0.0703,0,0,0,0,0.0,3.405,128,0,0,0,0.0,52.0075,0,0,0,0.0,52.0901,0.0,0,0.0,0,-15,15,1661,0.4046,0,0.0,0.3119,0.0,0.3119,5.4079,0.0,0,0.0,0.0,12,0,0,0.0324,0.2573,0.7379,0.0,-0.0019,0,0.0,0.0,0,0.0,,0.0,0.0,1,0,0.0,,0.0,0.0,0,-0.0,-0.0,1,0.0105,1272.131,0:1062;1:2;2:11681,1:12745,0:12745,0,2,0,0.9165,0.0015,1272.0643,0:89;2:12590,1:12679,0:12679,0,5,0,0.993,147.8373,178.0327,55.7989,55.8104,37.3889,37.4623,5.4072,5.4016,14.531,0.587,0,12.4221,12.2406,12.5802,3.6011,3.6014,3.6012,0.0161,-0.0,0.0291,0.0291,3.6005,3.6006,3.6005,0.0208,-0.05,0.034,0.0377,3.6106,36,0.0928,0.0,0.0295,0,5.4079,0.007,"-1974,-593","2615,618",З→В,2c45f498e3f3e55d,5ad62f1f5694da32,train,,R1,-0.0065,0.0151,-0.0116,-0.0159,740,,
30618_b83d854d,30618,2026-07-27 08:15:39,1202.9303,1202.9303,94540,94540,1,0,,1,2,11461,11470,24110,12054,11823,11856,11766,9.5269,0.0579,9.5343,0.0579,20.042,0.001,10.0203,0.0452,9.8279,0.0875,9.8554,0.083,9.7806,0.0917,0.3003,0,0,0,0.3003,0,0,0,0.0605,0,0,0,0,161,0.1821,3.5666,0,82,1.4326,2510,0.0657,0,0.0522,0,0,0,0,0.0,3.5087,156,0,0,0,0.0,52.8142,0,0,0,0.0,52.8015,0.0,0,0.0,0,-15,15,1753,0.3215,0,0.0,0.3099,0.0,0.3099,5.4225,0.0,0,0.0,0.0,11,0,0,0.0329,0.252,0.5668,0.0,-0.0019,0,0.0,0.0,0,0.0,,0.0,0.0,1,0,0.0,,0.0,0.0,2,-0.0,-0.0,1,0.0086,1202.8597,0:697;2:11357,1:12054,0:12054,0,6,0,0.9422,0.0012,1202.8952,0:175;2:11681,1:11856,0:11856,0,10,0,0.9852,147.8399,176.7602,55.799,55.8107,37.3898,37.4623,5.4391,5.4255,14.683,0.612,0,12.4185,12.3076,12.7843,3.6005,3.6003,3.6003,0.0176,-0.0,0.0283,0.0283,3.5994,3.5995,3.5995,0.0236,-0.05,0.032,0.0362,3.6084,34,0.087,0.0,0.0285,0,5.4225,0.008,"2615,619","-1923,-534",В→З,383fa2fc45fe9c99,2f3787efcac799c5,train,,R1,-0.001,0.0135,0.007,0.0045,803,,
30618_b95ca60a,30618,2026-07-27 11:44:16,1085.8649,1085.8649,84351,84351,1,0,,1,2,9781,9791,21767,10869,10631,10837,10675,9.0069,0.0262,9.016,0.0263,20.0452,0.0009,10.0091,0.0421,9.7896,0.0823,9.9793,0.0751,9.8302,0.088,0.3014,0,0,0,0.3009,0,0,0,0.0559,0,0,0,0,165,0.2086,3.5187,0,82,1.2267,1558,0.0627,0,0.0508,0,0,0,0,0.0,3.4924,162,0,0,0,0.0,52.1976,0,0,0,0.0,52.2513,0.0,0,1.1839,1,-15,15,1651,0.3265,0,0.0,0.3179,0.0,0.3179,5.408,0.0,0,0.0,0.0,9,0,0,0.0319,0.2409,0.6185,0.0,-0.0008,0,0.0,0.0,0,0.0,,0.0,0.0,1,0,0.0,,0.0,0.0,0,-0.0,-0.0,1,0.0122,1085.8145,0:242;2:10627,1:10869,0:10869,0,9,0,0.9777,0.0021,1085.8503,0:73;2:10764,1:10837,0:10837,0,29,0,0.9933,147.892,176.7254,55.7989,55.8104,37.389,37.4623,5.4158,5.4008,14.496,0.56,0,12.4231,12.4012,25.5626,3.6013,3.6016,3.6014,0.0173,-0.0,0.0312,0.0312,3.6005,3.6007,3.6004,0.0279,-0.05,0.033,0.0457,3.6104,32,0.0991,0.2,0.1182,2,5.408,0.01,"-1974,-592","2614,619",З→В,1a62c57e474d6f3a,a263143f8421741f,val,,R1,0.0046,0.0189,-0.0087,0.0204,734,,
30618_bab2fe58,30618,2026-08-10 20:40:56,53.5517,53.5517,4450,4450,1,0,,1,2,548,558,1141,560,540,563,540,10.2156,0.0239,10.4012,0.0239,21.2931,0.0008,10.4505,0.0456,10.0691,0.0868,10.5004,0.0713,10.0701,0.0853,0.2006,0,0,0,0.2006,0,0,0,0.0737,0,0,0,0,182,0.1611,3.4716,0,104,2.1977,0,0.0343,0,0.0509,0,0,0,0,0.0,3.4615,179,0,0,0,0.0,26.7125,0,0,0,0.0,26.6729,0.0,0,1.4045,1,-15,0,37,0.1937,0,0.0,0.218,0.0,0.218,0.1577,14.0,4,13.7,0.0,0,0,0,0.0354,0.315,0.4698,0.0,-0.0018,0,0.0,0.0,0,0.0,,0.0,0.0,0,0,0.0,,0.0,0.0,0,-0.0,-0.0,1,0.0062,53.49,2:560,1:560,0:560,0,0,0,1.0,0.002,53.5216,2:563,1:563,0:563,0,0,0,1.0,174.3973,175.5565,55.7999,55.8004,37.3895,37.3916,0.1579,0.1577,7.412,0.193,0,12.4234,12.4052,12.4361,3.6026,3.6042,3.6025,0.0222,-0.0,0.0278,0.0278,3.6119,3.6143,3.6128,0.0434,-0.05,0.0283,0.0368,,,0.0805,0.0,0.028,0,0.1577,0.01,"-1937,-554","-1805,-518",—,e26df66a2af4a2e1,3094148f9d413b33,train,,R1,0.0034,0.0074,0.0129,0.0102,35,,
30618_bc5e53c2,30618,2026-07-27 17:41:02,26.3092,26.3092,2222,2222,1,0,,1,2,257,268,580,289,265,293,270,9.7457,0.0127,10.1593,0.0131,22.0383,0.0014,10.9712,0.0448,10.0427,0.0874,11.105,0.0812,10.2371,0.0883,0.2168,0,0,0,0.2168,0,0,0,0.0739,0,0,0,0,176,0.2383,3.9323,0,91,1.5298,6,0.0532,0,0.0514,0,0,0,0,0.0,3.9192,175,0,0,0,0.0,0.0,0,0,0,0.0,0.0,0.0,0,0.0,0,0,0,0,1.0,0,0.0,0.2099,0.0,0.2099,0.0,0.0,0,0.0,0.0,0,0,0,,,,,,0,0.0,0.0,0,0.0,,0.0,0.0,0,0,0.0,,0.0,0.0,0,,,1,0.0134,26.2506,2:289,1:289,0:289,0,0,0,1.0,0.0025,26.2945,2:293,1:293,0:293,0,0,0,1.0,161.5861,161.6044,55.7953,55.7953,37.3857,37.3857,0.0005,0.0001,0.044,0.047,0,12.4236,12.4166,12.432,,,,,,,,,,,,,,,,,,,,0,0.0,0.01,"-2180,-1067","-2180,-1067",—,964286c7fca2532f,db977aec32d10401,train,,R3,,,,,,,
30618_bcc9e7a2,30618,2026-08-10 11:59:30,1018.7888,1018.7888,39573,39573,1,0,,1,2,9555,9565,20453,0,0,0,0,9.3778,0.0381,9.3876,0.0382,20.0749,0.0009,,,,,,,,,0.301,0,0,0,0.3008,0,0,0,0.0744,0,0,0,0,133,0.196,3.887,0,149,2.3312,5219,0.0949,0,0.0514,0,0,0,0,0.0,3.8489,131,0,0,6,-0.3783,53.1632,0,0,5,-0.389,53.2321,0.0,0,3.3562,1,-15,15,1536,0.3004,0,0.0,0.3139,0.0,0.3139,5.1802,0.0,0,0.0,0.0,6,0,0,0.0313,0.2027,0.585,0.0,0.001,0,0.0,0.0,0,0.0,,0.0,0.0,0,0,0.0,,0.0,0.0,0,-0.0,-0.0,0,,,,,,,,,,,,,,,,,,,,,,,,,,,,,,,,,,,,,,,,,,,,,,,,,,,,,,,,,,7b13896a5fae9bc3,3bbbaa58058a8df0,train,30618_3e012faf,,,,,,,,
30618_cfd9fd5a,30618,2026-08-10 14:17:15,1228.3097,1228.3097,48381,48381,1,0,,1,2,11864,11877,24640,0,0,0,0,9.6581,0.0496,9.6686,0.0496,20.0594,0.0009,,,,,,,,,0.3006,0,0,0,0.3005,0,0,0,0.0543,0,0,0,0,124,0.254,3.7909,0,143,2.4085,10372,0.095,0,0.0527,0,0,0,0,0.0,3.7412,122,0,0,0,0.0,53.2921,0,0,0,0.0,53.3863,0.0,0,3.3854,1,-15,15,1673,0.3671,0,0.0,0.3119,0.0,0.3119,5.431,9.8,2,9.8,0.0,8,0,0,0.0325,0.2449,0.6323,0.0,0.0003,0,0.0,0.0,0,0.0,,0.0,0.0,4,0,0.0,,0.0,0.0,5,-0.0,-0.0,0,,,,,,,,,,,,,,,,,,,,,,,,,,,,,,,,,,,,,,,,,,,,,,,,,,,,,,,,,,719a026d41901a9d,5a4951d728e46b78,train,30618_0259fe53,,,,,,,,
30618_d4ba7005,30618,2026-08-26 09:56:44,1158.2832,1158.2832,91218,91218,1,0,,1,2,10955,10933,23218,11609,11571,11444,11488,9.4571,0.0687,9.4382,0.0693,20.0444,0.0017,10.022,0.0479,9.9897,0.0948,9.8801,0.0871,9.9181,0.0981,0.3024,0,0,0,0.3028,0,0,0,0.076,0,0,0,0,147,0.3469,2.5699,0,79,2.4775,6776,0.1006,0,0.0514,0,0,0,0,0.0,2.5682,142,0,0,0,0.0,51.8995,0,0,0,0.0,52.0103,0.0,0,0.0,0,-15,15,1558,0.3679,0,0.0,0.3039,0.0,0.3039,5.3431,4.4,1,2.3,0.0,9,0,0,0.0336,0.246,0.5597,0.0,-0.0025,0,0.0,0.0,0,0.0,,0.0,0.0,2,0,0.0,,0.0,0.0,1,-0.0,-0.0,1,0.0012,1158.2479,2:11609,1:11609,0:11609,0,0,0,1.0,0.0067,1158.1811,2:11444,1:11444,0:11444,0,0,0,1.0,147.8349,176.7189,55.7989,55.8103,37.3895,37.4622,5.3475,5.3505,14.475,0.601,0,12.4166,12.4009,12.4507,3.5977,3.5978,3.5978,0.015,-0.0,0.0281,0.0281,3.5973,3.5976,3.5973,0.0201,-0.05,0.0332,0.0381,3.6031,37,0.0841,0.0,0.0283,0,5.3431,0.007,"-1938,-556","2611,612",З→В,3bfb327920338fb9,43fd3676f1389293,val,,R1,-0.0022,0.013,0.0033,-0.0014,706,,
30618_dd8d0741,30618,2026-08-26 11:52:57,1265.467,1265.467,98332,98332,1,0,,1,2,11724,11705,25357,12609,12439,12297,12201,9.2638,0.0607,9.2489,0.0613,20.037,0.0017,9.9634,0.0451,9.8294,0.0847,9.7167,0.0823,9.6415,0.0913,0.3001,0,0,0,0.3004,0,0,0,0.0665,0,0,0,0,137,0.4155,2.3422,0,75,2.24,6152,0.1006,0,0.0528,0,0,0,0,0.0,2.3405,134,0,0,0,0.0,53.2909,0,0,0,0.0,53.4049,0.0,0,0.0,0,-15,15,1818,0.3727,0,0.0,0.2939,0.0,0.2939,5.454,0.0,0,0.0,0.3,5,0,0,0.0328,0.2576,0.5158,0.0,-0.0004,0,0.0,0.0,0,0.0,,0.0,0.0,0,0,0.0,,0.0,0.0,1,-0.0,-0.0,1,0.005,1265.432,0:1189;2:11420,1:12609,0:12609,0,46,0,0.9057,0.0148,1265.4522,0:3247;2:9050,1:12297,0:12297,0,227,0,0.736,147.8397,176.7507,55.799,55.8107,37.3893,37.4623,5.5165,5.4584,14.844,0.497,0,12.4153,9.2151,13.8717,3.5963,3.5961,3.5963,0.0177,-0.0,0.0298,0.0298,3.5964,3.5964,3.5963,0.0232,-0.05,0.0345,0.0386,3.6054,28,0.0911,0.6,0.0533,0,5.454,0.033,"2615,618","-1952,-554",В→З,f2610f396a0c7509,fcaf42509be22b81,train,,R1,-0.0001,0.0163,-0.0003,0.0026,758,,
30618_dd8e6395,30618,2026-08-26 10:16:40,1226.4217,1226.4217,95801,95801,1,0,,1,2,11259,11239,24574,12287,12219,12118,12105,9.18,0.0404,9.1638,0.041,20.0364,0.0017,10.0185,0.0471,9.9626,0.0937,9.8804,0.0851,9.8698,0.0956,0.3036,0,0,0,0.3039,0,0,0,0.1121,0,0,0,0,125,0.3296,2.2355,0,89,2.0389,3561,0.1005,0,0.0518,0,0,0,0,0.0,2.2338,122,0,0,0,0.0,52.7164,0,0,0,0.0,52.7615,0.0,0,0.0,0,-15,15,1720,0.353,0,0.0,0.3019,0.0,0.3019,5.3675,0.0,0,0.0,0.0,7,0,0,0.0337,0.2462,0.6218,0.0,0.0001,0,0.0,0.0,0,0.0,,0.0,0.0,1,0,0.0,,0.0,0.0,1,-0.0,-0.0,1,0.0045,1226.3353,0:12;2:12275,1:12287,0:12287,0,0,0,0.999,0.0139,1226.3636,0:583;2:11535,1:12118,0:12118,0,35,0,0.9519,147.8437,176.7412,55.799,55.8107,37.3904,37.4623,5.3704,5.3777,14.655,0.603,0,12.418,12.3872,12.4572,3.5961,3.5959,3.596,0.0168,-0.0,0.0283,0.0283,3.5949,3.5946,3.5946,0.0283,-0.05,0.0326,0.0435,3.6039,40,0.0867,0.0,0.0284,0,5.3675,0.015,"2611,612","-1881,-496",В→З,3b19a95d6697a3c3,7d6fc8552d78a19f,train,,R1,0.004,0.0139,-0.0007,-0.0119,768,,
30618_ddad08d6,30618,2026-08-10 11:06:14,1168.4911,1168.4911,45026,45026,1,0,,1,2,10785,10797,23444,0,0,0,0,9.2291,0.0255,9.2393,0.0255,20.0627,0.0009,,,,,,,,,0.3021,0,0,0,0.3016,0,0,0,0.0559,0,0,0,0,127,0.2099,3.7569,0,143,2.2907,2918,0.0951,0,0.0519,0,0,0,0,0.0,3.7314,126,0,0,0,0.0,53.243,0,0,0,0.0,53.2793,0.0,0,0.0,0,-15,15,1487,0.3553,0,0.0,0.3039,0.0,0.3039,5.3288,7.7,2,7.7,0.1,9,0,0,0.032,0.2249,0.5855,0.0,0.0008,0,0.0,0.0,0,0.0,,0.0,0.0,0,0,0.0,,0.0,0.0,0,-0.0,-0.0,0,,,,,,,,,,,,,,,,,,,,,,,,,,,,,,,,,,,,,,,,,,,,,,,,,,,,,,,,,,de8442712f9cbe87,3ff5daec6e396625,train,30618_2f2f1175,,,,,,,,
30618_defd0170,30618,2026-09-03 10:45:58,1044.8314,1044.8314,81584,81584,1,0,,1,2,9578,9552,20953,10476,10391,10329,10305,9.1661,0.0329,9.1414,0.0332,20.0531,0.0014,10.0261,0.0421,9.9443,0.0872,9.8851,0.0859,9.8621,0.0971,0.3045,0,0,0,0.3042,0,0,0,0.0625,0,0,0,0,160,0.3895,2.778,0,88,2.6227,8672,0.098,0,0.051,0,0,0,0,0.0,2.7766,154,0,0,0,0.0,51.4848,0,0,0,0.0,51.5043,0.0,0,3.4071,1,-15,15,1438,0.3409,0,0.0,0.3059,0.0,0.3059,5.1234,6.2,1,2.0,0.0,8,1,0,0.0346,0.336,0.9444,0.0,0.005,0,0.0,0.0,0,0.0,,0.0,0.0,7,0,0.0,,0.0,0.0,8,-0.0,-0.0,1,0.005,1044.7723,0:10476,1:10476,0:10476,0,552,0,0.0,0.0146,1044.8038,0:547;1:2;2:9780,1:10329,0:10329,0,562,0,0.9468,147.1711,176.0507,55.7989,55.8089,37.389,37.4607,5.2344,5.2093,14.535,0.633,0,12.4148,11.3965,12.4531,3.5439,3.5431,3.5432,0.0167,-0.0,0.0319,0.0319,3.5438,3.5429,3.5432,0.0229,-0.05,0.0363,0.0426,,,0.0997,0.0,0.0322,0,5.1234,0.022,"-1973,-591","2514,456",З→В,bd302b50f03bc06f,00fb4179015dce91,train,,R1,0.5173,0.5201,-0.198,0.3585,668,3.5518,26
30618_e151d6e4,30618,2026-08-10 11:36:13,37.785,37.785,1633,1633,1,0,,1,2,401,411,821,0,0,0,0,10.5993,0.0516,10.8636,0.0516,21.7017,0.0008,,,,,,,,,0.1287,0,0,0,0.1229,0,0,0,0.0544,0,0,0,0,105,0.0989,3.3084,0,105,2.0038,78,0.0583,0,0.0524,0,0,0,0,0.0,3.2568,105,0,0,0,0.0,0.0,0,0,0,0.0,0.0,0.0,0,0.0,0,0,0,0,1.0,0,0.0,0.144,0.0,0.144,0.0,0.0,0,0.0,0.0,0,0,0,,,,,,0,0.0,0.0,0,0.0,,0.0,0.0,0,0,0.0,,0.0,0.0,0,,,0,,,,,,,,,,,,,,,,,,,,,,,,,,,,,,,,,,,,,,,,,,,,,,,,,,,,,,,,,,1dab2b7431ff03a9,5c41fd6ceae0fc2a,val,,,,,,,,,
30618_e2dcf65f,30618,2026-07-27 20:38:05,1092.5668,1092.5668,85016,85016,1,0,,1,2,10225,10237,21901,10950,10710,10349,10644,9.3583,0.0588,9.3692,0.0588,20.0447,0.0008,10.0222,0.0457,9.8021,0.0881,9.4716,0.0836,9.7417,0.0934,0.3011,0,0,0,0.3012,0,0,0,0.0573,0,0,0,0,148,0.1865,3.4076,0,82,1.3354,1202,0.0542,0,0.0527,0,0,0,0,0.0,3.3488,144,0,0,0,0.0,52.5793,0,0,0,0.0,52.566,0.0,0,3.3969,1,-15,15,1558,0.3815,0,0.0,0.2999,0.0,0.2999,5.3239,0.0,0,0.0,0.0,9,0,0,0.0307,0.2463,0.5608,0.0,-0.0052,0,0.0,0.0,0,0.0,,0.0,0.0,0,0,0.0,,0.0,0.0,0,-0.0,-0.0,1,0.0089,1092.4799,2:10950,1:10950,0:10950,0,0,0,1.0,0.0012,1092.5311,2:10349,1:10349,0:10349,0,0,0,1.0,147.8387,176.7353,55.7989,55.8098,37.3888,37.4615,5.3226,5.322,14.565,0.578,0,12.4173,12.4018,12.6478,3.5982,3.5991,3.5986,0.0155,-0.0,0.0278,0.0278,3.5982,3.5988,3.5982,0.0201,-0.05,0.0323,0.0367,3.6063,39,0.0835,0.0,0.0279,0,5.3239,0.019,"-1982,-601","2562,547",З→В,c960cd752afebfa6,6b3edf4e1f685414,train,,R1,-0.0047,0.0124,-0.0019,-0.0065,703,,
30618_e392e5bd,30618,2026-08-10 12:18:38,1095.5836,1095.5836,43116,43116,1,0,,1,2,10559,10569,21988,0,0,0,0,9.637,0.0615,9.646,0.0614,20.0689,0.0009,,,,,,,,,0.2023,0,0,0,0.2019,0,0,0,0.0622,0,0,0,0,121,0.2316,3.7726,0,108,2.5935,13289,0.0955,0,0.0526,0,0,0,0,0.0,3.7717,120,0,0,0,0.0,52.4714,0,0,0,0.0,52.6017,0.0,0,0.0,0,-15,15,1534,0.3285,0,0.0,0.2859,0.0,0.2559,5.4074,3.1,1,3.1,0.3,5,0,0,0.0328,0.2443,1.3805,0.0,-0.0003,0,0.0,0.0,0,0.0,,0.0,0.0,1,0,0.0,,0.0,0.0,1,-0.0,-0.0,0,,,,,,,,,,,,,,,,,,,,,,,,,,,,,,,,,,,,,,,,,,,,,,,,,,,,,,,,,,62856bc39d299235,492ca275f15980f0,train,30618_0a83c933,,,,,,,,
30618_e3d94878,30618,2026-07-27 07:55:51,1168.3923,1168.3923,91620,91620,1,0,,1,2,11064,11072,23421,11710,11438,11473,11442,9.4687,0.0322,9.4754,0.0322,20.0455,0.001,10.022,0.0468,9.7888,0.0899,9.8187,0.0848,9.7923,0.0939,0.4,0,0,0,0.4001,0,0,0,0.0579,0,0,0,0,178,0.1987,3.5743,0,86,1.2701,238,0.0657,0,0.0526,0,0,0,0,0.0,3.5421,175,0,0,0,0.0,51.7004,0,0,0,0.0,51.6744,0.0,0,0.0,0,-15,15,1399,0.374,0,0.0,0.3859,0.0,0.3859,5.4118,14.7,1,2.6,0.0,10,0,1,0.0328,0.2469,0.8998,0.0,-0.0023,0,0.0,0.0,0,0.0,,0.0,0.0,0,0,0.0,,0.0,0.0,0,-0.0,-0.0,1,0.0133,1168.3328,2:11710,1:11710,0:11710,0,0,0,1.0,0.0021,1168.3831,2:11473,1:11473,0:11473,0,0,0,1.0,147.8397,176.7284,55.7989,55.8104,37.3892,37.4623,5.4079,5.4065,14.369,0.536,0,12.4201,12.4044,12.4687,3.6007,3.601,3.6007,0.0156,-0.0,0.0284,0.0284,3.5993,3.6002,3.5995,0.0277,-0.05,0.0297,0.0441,3.61,41,0.0851,0.0,0.0285,0,5.4118,0.012,"-1955,-609","2615,619",З→В,236276f2b36edd83,50a8a656a695fe25,train,,R1,-0.0031,0.0101,-0.0014,-0.004,728,,
30618_e7dcdab1,30618,2026-08-10 09:57:54,1187.4308,1187.4308,46684,46684,1,0,,1,2,11429,11435,23820,0,0,0,0,9.6242,0.0542,9.6292,0.0542,20.0594,0.0009,,,,,,,,,0.3003,0,0,0,0.3007,0,0,0,0.0547,0,0,0,0,105,0.2334,3.5736,0,101,2.649,10683,0.095,0,0.0523,0,0,0,0,0.0,3.5248,105,0,0,0,0.0,52.1872,0,0,0,0.0,52.207,0.0,0,1.5245,1,-15,15,1475,0.371,0,0.0,0.3159,0.0,0.3159,5.403,6.6,1,6.6,0.0,11,1,0,0.0317,0.2352,0.4752,0.0,-0.0015,0,0.0,0.0,0,0.0,,0.0,0.0,0,0,0.0,,0.0,0.0,0,-0.0,-0.0,0,,,,,,,,,,,,,,,,,,,,,,,,,,,,,,,,,,,,,,,,,,,,,,,,,,,,,,,,,,513ced222de6afe7,a07fb5f9f355eee1,train,30618_20096314,,,,,,,,
30618_e9a34502,30618,2026-08-26 10:46:24,1201.4434,1201.4434,93761,93761,1,0,,1,2,11065,11043,24078,12040,11904,11836,11795,9.2094,0.0333,9.1913,0.034,20.0404,0.0017,10.0205,0.0467,9.9077,0.0907,9.8513,0.0855,9.8171,0.0953,0.306,0,0,0,0.3052,0,0,0,0.0618,0,0,0,0,141,0.3956,2.4286,0,95,2.2446,2398,0.1005,0,0.0521,0,0,0,0,0.0,2.4269,137,0,0,0,0.0,51.448,0,0,0,0.0,51.5953,0.0,0,0.0,0,-15,15,1753,0.348,0,0.0,0.2999,0.0,0.2999,5.3829,10.9,2,10.9,0.0,12,1,0,0.0316,0.2389,0.5582,0.0,-0.0033,0,0.0,0.0,0,0.0,,0.0,0.0,1,0,0.0,,0.0,0.0,1,-0.0,-0.0,1,0.0055,1201.438,0:5;2:12035,1:12040,0:12040,0,0,0,0.9996,0.0166,1201.3692,2:11836,1:11836,0:11836,0,0,0,1.0,147.8468,176.7016,55.7989,55.8103,37.389,37.4621,5.3854,5.3699,14.353,0.601,0,12.4174,12.3985,12.451,3.5978,3.5985,3.5982,0.0149,-0.0,0.026,0.026,3.5967,3.5974,3.5969,0.0249,-0.05,0.0297,0.0422,3.6053,37,0.078,0.0,0.0261,0,5.3829,0.007,"-1972,-590","2605,606",З→В,bcda5a625fe1732b,45fd1d747b141297,val,,R1,-0.0017,0.0113,0.0055,-0.0007,730,,
30618_efb92709,30618,2026-08-10 21:02:51,1277.88,1277.88,100190,100190,1,1,,1,2,12009,12019,25607,12801,12701,12527,12526,9.3972,0.0585,9.405,0.0585,20.0379,0.001,10.017,0.0456,9.9385,0.0897,9.8023,0.075,9.8016,0.0881,1.0932,2,6,0,1.0932,2,6,0,1.0426,2,20,0,0,2697,506.6882,3.5498,72,118,1.1764,12801,1.0931,1,1.0484,22,22,60,4747,420.5932,3.4913,151,0,0,0,0.0,53.0378,0,0,0,0.0,53.0526,0.0,0,3.2399,1,-15,15,2091,0.2815,0,1.097,1.097,1.097,1.097,5.4716,0.0,0,0.0,0.0,12,0,0,0.0303,0.2197,0.5639,0.0,0.0014,0,0.0,0.0,0,0.0,,0.0,0.0,18,0,0.0,,0.0,0.0,18,-0.0,-0.0,1,0.0028,1277.8246,0:106;2:12695,1:12801,0:12801,0,16,0,0.9917,0.0012,1277.8636,0:227;2:12300,1:12527,0:12527,0,28,0,0.9819,147.826,176.747,55.799,55.8107,37.3891,37.4623,5.5354,5.4786,14.765,0.583,0,12.4169,12.306,23.5375,3.5962,3.5957,3.596,0.0177,-0.0,0.0521,0.0521,3.5955,3.595,3.595,0.0223,-0.05,0.0405,0.0489,3.6083,29,0.1765,0.0,0.054,0,5.4716,0.024,"2615,619","-1967,-560",В→З,ec951eb3ce04b41e,60663042962147e2,train,30618_40ffd323,R1,0.0013,0.0107,0.0001,0.0009,815,,
30618_f19a4ac3,30618,2026-07-27 17:49:05,1194.1067,1194.1067,93870,93870,1,0,,1,2,11530,11539,23934,11966,11518,11831,11552,9.6551,0.0512,9.6626,0.0512,20.0428,0.001,10.0204,0.0437,9.6449,0.0855,9.9086,0.0816,9.6741,0.0898,0.3051,0,0,0,0.3052,0,0,0,0.06,0,0,0,0,172,0.1658,3.6883,0,83,1.2077,46,0.0542,0,0.0532,0,0,0,0,0.0,3.6371,167,0,0,0,0.0,51.6282,0,0,0,0.0,51.757,0.0,0,0.0,0,-15,15,1969,0.3251,0,0.0,0.3079,0.0,0.3079,5.4144,0.0,0,0.0,0.1,10,0,0,0.0299,0.2212,0.513,0.0,-0.0032,0,0.0,0.0,0,0.0,,0.0,0.0,3,0,0.0,,0.0,0.0,3,-0.0,-0.0,1,0.0028,1194.0637,0:564;1:2;2:11400,1:11966,0:11966,0,0,0,0.9527,0.0012,1193.908,0:182;2:11649,1:11831,0:11831,0,23,0,0.9846,151.8262,176.722,55.7989,55.8104,37.3892,37.4623,5.423,5.395,14.397,0.557,0,12.4186,11.3872,12.4607,3.5997,3.6002,3.5999,0.0173,-0.0,0.0295,0.0295,3.6,3.6004,3.6002,0.0218,-0.05,0.0319,0.0377,3.6092,33,0.0913,0.0,0.0298,0,5.4144,0.008,"-1959,-612","2615,619",З→В,0846059594020832,f2b0697c01a1a1d4,train,,R1,-0.0356,0.1306,0.0138,-0.0933,775,,
30618_f28179bb,30618,2026-08-10 08:14:13,1069.8199,1069.8199,40603,40603,1,0,,1,2,9571,9582,21450,0,0,0,0,8.9455,0.0274,8.9557,0.0275,20.0494,0.0009,,,,,,,,,0.3005,0,0,0,0.3007,0,0,0,0.0714,0,0,0,0,108,0.1752,3.9388,0,110,1.2942,3207,0.0951,0,0.0518,0,0,0,0,0.0,3.9113,107,0,0,0,0.0,52.9912,0,0,0,0.0,53.0957,0.0,0,3.3952,1,-15,15,1627,0.2692,0,0.0,0.3179,0.0,0.3179,5.3276,0.0,0,0.0,0.0,11,0,0,0.0322,0.2266,0.7904,0.0,-0.0011,0,0.0,0.0,0,0.0,,0.0,0.0,0,0,0.0,,0.0,0.0,0,-0.0,-0.0,0,,,,,,,,,,,,,,,,,,,,,,,,,,,,,,,,,,,,,,,,,,,,,,,,,,,,,,,,,,e63e7c4f94ae9ef8,24f8ddaf57d40e10,train,30618_2161b58b,,,,,,,,
30618_f3a0694d,30618,2026-08-10 18:53:45,1224.1281,1224.1281,96708,96708,1,0,,1,2,12027,12038,24531,12263,11624,12251,11974,9.8242,0.0504,9.8331,0.0504,20.0391,0.0009,10.0174,0.0429,9.4951,0.0829,10.0073,0.0738,9.7811,0.0875,0.2994,0,0,0,0.2995,0,0,0,0.0565,0,0,0,0,155,0.2245,3.5461,0,116,1.1908,5436,0.0841,0,0.0511,0,0,0,0,0.0,3.4957,152,0,0,0,0.0,52.7871,0,0,0,0.0,52.7653,0.0,0,0.0,0,-15,15,1599,0.3856,0,0.0,0.2999,0.0,0.2999,5.4127,6.5,1,6.5,0.0,9,1,0,0.031,0.2449,0.6609,0.0,-0.0004,0,0.0,0.0,0,0.0,,0.0,0.0,1,0,0.0,,0.0,0.0,1,-0.0,-0.0,1,0.0096,1224.0661,0:52;1:2;2:12209,1:12263,0:12263,0,4,0,0.9956,0.0022,1224.1084,0:5;2:12246,1:12251,0:12251,0,5,0,0.9996,147.7929,175.9823,55.7989,55.8104,37.3889,37.4623,5.4431,5.4067,14.715,0.629,0,12.418,10.4815,12.4533,3.597,3.5971,3.597,0.016,-0.0,0.0295,0.0295,3.5964,3.5963,3.5963,0.0214,-0.05,0.0317,0.0366,3.6027,34,0.0902,0.0,0.0296,0,5.4127,0.018,"-1977,-603","2615,619",З→В,4fe6c70ea58eed5c,495cb436dde27c70,train,30618_6cb3280a,R1,0.0584,0.1065,0.0017,0.0776,723,,
30618_f3b8c99b,30618,2026-08-10 17:45:14,1074.3471,1074.3471,83657,83657,1,0,,1,2,9838,9847,21540,10769,10544,10657,10462,9.1564,0.0651,9.1646,0.0651,20.0489,0.0009,10.0235,0.043,9.8138,0.0845,9.9188,0.081,9.7375,0.0889,0.3004,0,0,0,0.3002,0,0,0,0.0555,0,0,0,0,175,0.2088,3.6738,0,86,1.3975,10314,0.0874,0,0.0509,0,0,0,0,0.0,3.6088,169,0,0,0,0.0,51.8563,0,0,0,0.0,51.913,0.0,0,4.1321,1,-15,15,1607,0.2685,0,0.0,0.3059,0.0,0.3059,5.4275,14.0,3,12.2,0.0,10,1,1,0.031,0.2437,0.5096,0.0,-0.0015,0,0.0,0.0,0,0.0,,0.0,0.0,2,0,0.0,,0.0,0.0,2,-0.0,-0.0,1,0.0129,1074.2742,0:132;2:10637,1:10769,0:10769,0,0,0,0.9877,0.002,1074.3182,0:10;2:10647,1:10657,0:10657,0,0,0,0.9991,147.8607,174.071,55.7989,55.8103,37.3888,37.4622,5.4385,5.4225,14.424,0.619,0,12.4196,12.1147,12.4854,3.5969,3.597,3.5968,0.0167,-0.0,0.0312,0.0312,3.5962,3.5961,3.596,0.0228,-0.05,0.0369,0.0426,3.6086,32,0.0963,0.0,0.0316,0,5.4275,0.054,"-1982,-627","2610,611",З→В,82d16574670b4bc9,e461d82a67992296,val,30618_21dd3af3,R1,-0.0125,0.1301,-0.0863,-0.0738,732,,
30639_0ab96c59,30639,2026-08-26 11:12:46,79.7882,79.7882,6508,6508,1,0,,1,2,811,790,1639,821,823,819,805,10.1571,0.0688,9.896,0.069,20.5309,0.0106,10.2882,0.0508,10.3101,0.071,10.2622,0.0712,10.0857,0.0821,0.657,1,0,0,0.6561,1,0,0,0.2095,0,0,0,0,128,0.2866,2.2759,0,75,2.0996,126,0.0629,0,0.0971,0,0,0,0,0.0,2.2653,123,0,0,0,0.0,3.7636,0,0,0,0.0,3.7473,0.0,0,0.0,0,0,6,12,0.9487,0,0.77,0.77,0.77,0.77,0.0016,0.0,0,0.0,0.1,0,0,0,,,,,,0,0.0,0.0,0,0.0,,0.0,0.0,0,0,0.0,,0.0,0.0,0,,,1,0.006,79.7027,2:821,1:821,0:821,0,0,0,1.0,0.0179,79.7097,2:819,1:819,0:819,0,0,0,1.0,174.2958,174.3335,55.7996,55.7996,37.3892,37.3892,0.0029,0.002,1.086,0.054,0,12.4175,12.4138,12.4211,,,,,,,,,,,,,,,,,,,,0,0.0016,0.009,"-1958,-583","-1956,-581",—,9c608fe17f5624f7,27dedb68c3cfae1a,train,,R1,,,,,,,
30639_0be558e2,30639,2026-08-26 12:29:55,1289.085,1289.085,99483,99483,1,0,,1,2,12440,12424,25829,12866,10554,12695,12675,9.6495,0.0597,9.6373,0.06,20.0362,0.0014,9.9804,0.0465,8.1867,0.0659,9.8477,0.0637,9.8322,0.0742,0.3009,0,0,0,0.3012,0,0,0,0.146,0,0,0,0,127,0.3671,2.3395,0,68,2.2119,7944,0.0832,0,0.0644,0,0,0,0,0.0,2.338,124,0,0,0,0.0,53.7297,0,0,0,0.0,53.9195,0.0,0,0.0,0,-15,15,2345,0.3242,0,0.0,0.334,0.0,0.334,5.5165,6.7,1,6.7,0.4,9,0,0,0.0346,0.2523,0.6255,0.0,-0.0115,0,0.0,0.0,0,0.0,,0.0,0.0,0,0,0.0,,0.0,0.0,0,-0.0,-0.0,1,0.0057,1289.0219,0:872;2:11994,1:12866,0:12866,0,43,0,0.9322,0.0186,1289.0271,0:756;1:48;2:11891,1:12695,0:12695,0,93,0,0.9367,145.1125,176.7576,55.7989,55.8107,37.3888,37.4623,5.7539,5.3274,15.021,0.569,0,12.4161,11.8879,88.4093,3.5858,3.5877,3.5869,0.0161,-0.0,0.0308,0.0308,3.5855,3.5872,3.5863,0.0179,-0.0,0.034,0.034,3.5928,21,0.0955,0.0,0.0309,0,5.5165,0.01,"2615,619","-1986,-625",В→З,328cdc8a47b532dc,c4325ecbb9f3b82b,train,,R1,-0.0033,0.0136,-0.0074,0.0006,786,,
30639_253671cc,30639,2026-05-05 19:53:16,1078.1166,1078.1166,84309,84309,1,0,,1,2,9720,9721,21639,10819,10804,10819,10787,9.015,0.0373,9.0159,0.0373,20.0703,0.0007,10.0345,0.0422,10.0204,0.0586,10.0343,0.0579,10.0046,0.0692,0.4,0,0,0,0.3012,0,0,0,0.0706,0,0,0,0,285,0.381,5.2695,0,103,1.392,3540,0.0697,0,0.0523,0,0,0,0,0.0,5.2322,282,0,0,0,0.0,49.4177,0,0,0,0.0,49.397,0.0,0,3.2567,1,-15,15,1742,0.2852,0,0.0,0.392,0.0,0.3259,5.2722,0.0,0,0.0,0.0,8,0,0,0.0359,0.2791,0.7638,0.0,-0.0011,0,0.0,0.0,0,0.0,,0.0,0.0,0,0,0.0,,0.0,0.0,0,-0.0,-0.0,1,0.0066,1078.0812,0:7657;2:3162,1:10819,0:10819,0,66,0,0.2923,0.002,1078.1054,0:232;2:10587,1:10819,0:10819,0,112,0,0.9786,148.6896,185.0628,55.7991,55.8107,37.3924,37.4624,5.2458,5.2453,13.664,0.577,0,12.4046,12.3662,12.7453,3.6217,3.622,3.6219,0.0178,-0.0,0.0296,0.0296,3.6215,3.6216,3.6215,0.0226,-0.0,0.035,0.035,3.6324,9,0.09,0.0,0.0296,0,5.2722,0.029,"2619,610","-1757,-511",В→З,78c8053f946b38c4,45f916cc55f2d53e,train,,R1,0.1683,1.8041,0.0709,-0.0622,760,3.629,22
30639_2b4a6347,30639,2026-08-26 10:01:22,1108.8162,1108.8162,87421,87421,1,0,,1,2,10896,10870,22224,11114,10112,11111,11094,9.8259,0.0517,9.8026,0.052,20.0428,0.0199,10.0226,0.039,9.1187,0.0597,10.0197,0.0597,10.0053,0.07,0.202,0,0,0,0.3005,0,0,0,0.12,0,0,0,0,140,0.2863,2.4778,0,83,2.3002,244,0.0654,0,0.0831,0,0,0,0,0.0,2.4579,137,0,0,0,0.0,50.9878,0,0,0,0.0,51.0322,0.0,0,3.4294,1,-15,15,1923,0.3017,0,0.0,0.2221,0.0,0.288,5.3903,6.7,1,6.7,0.2,11,1,0,0.0347,0.2407,0.5147,0.0,-0.006,0,0.0,0.0,0,0.0,,0.0,0.0,0,0,0.0,,0.0,0.0,0,-0.0,-0.0,1,0.0013,1108.7959,0:8976;2:2138,1:11114,0:11114,0,0,0,0.1924,0.0057,1108.8105,0:60;2:11051,1:11111,0:11111,0,1,0,0.9946,149.3598,178.5461,55.7989,55.8104,37.389,37.4623,5.4031,5.275,14.246,0.596,0,12.4015,12.3796,12.44,3.5902,3.5908,3.5905,0.0155,-0.0,0.0273,0.0273,3.5897,3.5904,3.59,0.0178,-0.0,0.0303,0.0303,3.5954,6,0.0852,0.0,0.0275,0,5.3903,0.009,"-1973,-591","2615,619",З→В,5d60dd27e4c4090d,6ae8e68a68197e98,train,,R1,0.3942,0.4037,-0.0347,0.4014,746,3.5983,30
30639_3b3d9eb8,30639,2026-05-05 10:51:35,1215.4956,1215.4956,95151,95151,1,1,,1,2,11559,10542,24372,12185,12149,12183,12161,9.5091,0.0549,8.6724,0.0534,20.0504,0.0007,10.0243,0.0297,9.9946,0.0465,10.0224,0.0511,10.0044,0.0592,0.9,1,0,0,73.4999,2,0,0,0.1151,0,0,0,0,206,0.281,4.1228,29,100,1.3682,5406,0.0822,0,0.0509,0,0,0,9682,242.5918,4.0694,203,0,0,0,0.0,46.4428,0,0,0,0.0,46.516,0.0,0,1.5246,1,-15,15,2118,0.2894,0,0.89,0.89,103.8967,73.4991,5.3474,0.0,0,0.0,0.0,13,0,0,0.037,0.3074,5.1796,0.0007,-0.0118,1,0.4861,5.1796,0,0.0,,0.0,0.0,1,0,0.0,,0.8,0.8,2,-0.0,-0.0,1,0.008,1215.4455,0:12185,1:12185,0:12185,0,3,0,0.0,0.0018,1215.4779,0:77;1:34;2:12072,1:12183,0:12183,0,16,0,0.9909,140.9646,171.6452,55.799,55.8107,37.3896,37.4623,5.4902,5.4387,12.749,0.523,0,12.4198,12.3653,53.8966,3.639,3.641,3.6399,0.0191,-0.0,0.0469,0.0469,3.639,3.641,3.6401,0.0213,-0.0,0.0429,0.0429,,,0.1211,0.0,0.0469,0,5.3474,0.033,"2616,618","-1932,-544",В→З,59a66f385db1e514,c8706678b11c55c3,val,,R1,0.4907,0.5143,0.15,-0.3622,790,3.6459,41
30639_4285f2bc,30639,2026-08-26 10:20:30,1302.9695,1302.9695,99869,99869,1,0,,1,2,12318,11929,25512,12997,11107,13030,12976,9.453,0.0626,9.1545,0.0637,19.5795,0.0246,9.9742,0.0409,8.5242,0.0602,10.0002,0.0595,9.9587,0.0702,0.3994,0,0,0,47.0993,1,0,0,0.1538,0,0,0,0,134,0.425,2.4685,0,70,2.3796,2837,0.077,0,0.1519,0,0,0,0,0.0,2.4439,132,0,0,0,0.0,53.4435,0,0,0,0.0,53.5752,0.0,0,2.2151,1,-15,15,2240,0.2777,0,0.0,0.414,47.1054,47.1054,5.4001,29.9,4,28.2,0.1,8,5,0,0.0315,0.208,0.5106,0.0,-0.0053,0,0.0,0.0,0,0.0,,0.0,0.0,0,0,0.0,,0.0,0.0,0,-0.0,-0.0,1,0.0024,1302.9606,0:6397;1:590;2:6010,1:12997,0:12997,0,5,0,0.4624,0.0058,1302.8785,0:417;1:4;2:12609,1:13030,0:13030,0,15,0,0.9677,147.5353,203.9166,55.799,55.8107,37.3891,37.4623,5.4812,5.3731,14.921,0.573,0,12.4049,12.3866,13.8961,3.5881,3.5892,3.5886,0.017,-0.0,0.0268,0.0268,3.5879,3.5889,3.5882,0.0191,-0.0,0.0306,0.0306,3.6054,16,0.0808,0.3,0.083,3,5.4001,0.007,"2615,619","-1967,-560",В→З,c5c6fa1e4dac978b,62a8f110c382145b,train,,R1,0.0003,0.0925,0.0304,0.0006,822,3.596,16
30639_44226bde,30639,2026-05-05 20:30:23,1079.3002,1079.3002,84839,84839,1,0,,1,2,10016,9875,21662,10830,10824,10832,10800,9.2798,0.0613,9.1491,0.0616,20.0695,0.0007,10.0341,0.0457,10.0284,0.0638,10.0358,0.0636,10.0061,0.0746,0.3003,0,0,0,16.7002,1,0,0,0.0665,0,0,0,0,277,0.3734,5.1856,0,129,1.5146,3391,0.0693,0,0.0522,0,0,0,0,0.0,5.124,273,0,0,0,0.0,50.9856,0,0,0,0.0,51.0392,0.0,0,3.4124,1,-15,13,1601,0.2965,0,0.0,0.3559,16.6977,16.6977,5.4212,0.0,0,0.0,0.0,10,0,0,0.0341,0.2515,0.6813,0.0,-0.0018,0,0.0,0.0,0,0.0,,0.0,0.0,2,0,0.0,,0.0,0.0,1,-0.0,-0.0,1,0.0033,1079.2207,0:10830,1:10830,0:10830,0,46,0,0.0,0.0013,1079.2393,0:2;2:10830,1:10832,0:10832,0,48,0,0.9998,143.929,191.1194,55.799,55.8103,37.3891,37.4623,5.4065,5.411,14.062,0.54,0,12.4249,12.3926,14.9912,3.6211,3.6215,3.6213,0.0165,-0.0,0.0292,0.0292,3.6211,3.621,3.621,0.0203,-0.0,0.0335,0.0335,,,0.0946,0.0,0.0293,0,5.4212,0.019,"-1965,-592","2614,613",З→В,dc762bf797f75394,da236e05e03d1bf9,train,,R1,0.2062,2.9886,0.4102,0.2147,786,3.6304,25
30639_50956d6e,30639,2026-08-26 11:33:34,1102.5454,1102.5454,85626,85626,1,0,,1,2,10904,10892,22094,11036,9205,10759,10736,9.889,0.0639,9.8781,0.0642,20.0385,0.01,10.0091,0.0481,8.3482,0.0673,9.7577,0.0656,9.7368,0.0762,0.2994,0,0,0,0.3,0,0,0,0.0823,0,0,0,0,111,0.2415,2.1281,0,60,2.0141,6832,0.0788,0,0.068,0,0,0,0,0.0,2.1181,107,0,0,0,0.0,53.2104,0,0,0,0.0,53.3239,0.0,0,3.4257,1,-15,15,2040,0.266,0,0.0,0.318,0.0,0.318,5.4549,0.0,0,0.0,0.8,11,0,0,0.0356,0.3876,11.6168,0.0049,-0.0112,2,2.8839,11.6168,0,0.0,,0.0,0.0,16,0,0.0,,0.0,0.0,10,-0.0,-0.0,1,0.0014,1102.4966,0:1062;2:9974,1:11036,0:11036,0,25,0,0.9038,0.004,1102.5153,0:523;2:10236,1:10759,0:10759,0,35,0,0.9514,144.5765,182.2682,55.799,55.8107,37.3891,37.4623,5.5833,5.3099,14.554,0.58,0,12.411,11.8524,35.3984,3.5861,3.5879,3.5868,0.018,-0.05,0.1044,0.1052,3.5863,3.5881,3.5869,0.0192,-0.05,0.1051,0.1062,3.5974,25,0.1475,3.2,0.1558,1,5.4549,0.03,"2615,619","-1967,-560",В→З,df205e71c96e7d0a,d4ad9e7643de1ad5,train,,R1,0.0007,0.0135,0.0121,-0.0009,776,3.6009,5
30639_584b6e32,30639,2026-08-26 09:33:20,1138.065,1138.065,88446,88446,1,0,,1,2,11133,10965,22806,11404,9351,11401,11386,9.7818,0.041,9.6342,0.0417,20.0385,0.0153,10.0199,0.0435,8.2158,0.0629,10.0171,0.0607,10.0039,0.0715,0.2041,0,0,0,16.3,1,0,0,0.1071,0,0,0,0,121,0.2629,2.2501,0,73,2.0401,154,0.0637,0,0.1157,0,0,0,0,0.0,2.2348,118,0,0,0,0.0,53.1227,0,0,0,0.0,53.1609,0.0,0,0.2687,0,-15,15,1956,0.283,0,0.0,0.236,16.2979,16.2979,5.4495,0.0,0,0.0,0.0,12,0,0,0.0332,0.2466,0.5226,0.0,-0.005,0,0.0,0.0,0,0.0,,0.0,0.0,1,0,0.0,,0.0,0.0,2,-0.0,-0.0,1,0.0022,1138.033,0:2799;2:8605,1:11404,0:11404,0,4,0,0.7546,0.0061,1138.0503,0:614;2:10787,1:11401,0:11401,0,9,0,0.9461,147.8323,176.7326,55.799,55.8107,37.389,37.4623,5.5365,5.1908,15.943,40.833,0,12.4057,12.3857,13.0404,3.5875,3.588,3.5878,0.0177,-0.0,0.1003,0.1003,3.5869,3.5877,3.5872,0.0206,-0.0,0.1011,0.1011,3.5989,25,0.0904,0.1,0.1003,0,5.4495,0.025,"2614,618","-1968,-560",В→З,8f46ac729a191680,d731ce3c52ab0593,train,,R1,-0.0041,0.0178,-0.01,0.0109,785,3.5981,7
30639_92226df0,30639,2026-05-05 18:22:52,1213.395,1213.395,94211,94211,1,0,,1,2,11539,11538,24340,12042,10723,12075,11954,9.5096,0.0406,9.5087,0.0406,20.0592,0.0007,9.9235,0.044,8.8371,0.0625,9.9513,0.0613,9.8517,0.0723,0.4999,0,0,0,0.4999,0,0,0,0.1264,0,0,0,0,271,0.4678,4.8544,0,111,1.3473,360,0.0691,0,0.0632,0,0,0,0,0.0,4.8138,268,0,0,0,0.0,50.8061,0,0,0,0.0,50.7598,0.0,0,3.4604,1,-15,15,1928,0.2909,0,0.0,0.478,0.0,0.478,5.4685,0.0,0,0.0,0.0,11,0,0,0.0343,0.2765,0.6781,0.0,-0.0095,0,0.0,0.0,0,0.0,,0.0,0.0,0,0,0.0,,0.0,0.0,0,-0.0,-0.0,1,0.0149,1213.3801,0:1286;1:4;2:10752,1:12042,0:12042,0,10,0,0.8929,0.0024,1213.3096,0:697;2:11378,1:12075,0:12075,0,68,0,0.9423,108.8467,177.7548,55.7989,55.8103,37.3885,37.4622,5.4725,5.2524,13.963,0.61,0,12.4025,11.6527,12.9568,3.6328,3.6344,3.6338,0.0179,-0.0,0.0291,0.0291,3.6327,3.6346,3.6335,0.0192,-0.0,0.0323,0.0323,3.6428,35,0.0966,0.0,0.0293,0,5.4685,0.033,"-2000,-593","2611,612",З→В,d93272ce9e4e6151,f2c7de9f3e4163a1,val,,R1,-0.0098,0.071,-0.0381,-0.0103,830,,
30639_927002c2,30639,2026-08-26 12:06:25,1142.2247,1142.2247,88655,88655,1,0,,1,2,10497,10242,22891,11446,10711,11442,11426,9.1891,0.064,8.9669,0.0644,20.0403,0.0051,10.0207,0.0477,9.377,0.0674,10.0171,0.0677,10.003,0.078,0.3004,0,0,0,20.4997,2,0,0,0.1657,0,0,0,0,129,0.3117,2.3068,0,55,1.7028,6097,0.0825,0,0.0707,0,0,0,0,0.0,2.3,126,0,0,0,0.0,52.4994,0,0,0,0.0,52.5352,0.0,0,3.5495,1,-15,15,2221,0.2728,0,0.0,0.334,29.1836,20.4977,5.3531,0.0,0,0.0,0.2,16,0,1,0.035,0.2412,0.8418,0.0,-0.0103,0,0.0,0.0,0,0.0,,0.0,0.0,0,0,0.0,,0.0,0.0,0,-0.0,-0.0,1,0.0042,1142.1365,2:11446,1:11446,0:11446,0,0,0,1.0,0.0152,1142.1428,0:14;2:11428,1:11442,0:11442,0,0,0,0.9988,147.8565,176.7206,55.7989,55.8104,37.3892,37.4623,5.3838,5.3165,14.64,0.622,0,12.4017,12.1182,12.4304,3.5863,3.5883,3.5873,0.0159,-0.0,0.0283,0.0283,3.5859,3.588,3.5869,0.0188,-0.0,0.0359,0.0359,3.5976,33,0.0876,0.0,0.0284,0,5.3531,0.006,"-1960,-578","2615,619",З→В,e081866d3d6d205c,826ad96a8b84bfe3,train,,R1,-0.0016,0.0136,0.0157,0.005,761,,
30639_9c362687,30639,2026-05-05 19:29:05,1354.7845,1354.7845,106015,106015,1,1,,1,2,12279,12278,27166,13581,13578,13585,13548,9.0638,0.0382,9.0631,0.0382,20.0512,0.0007,10.0243,0.043,10.022,0.0597,10.0272,0.0592,9.9998,0.0704,0.3999,0,1,0,0.3999,0,1,0,0.1,0,1,0,0,1075,1332.6326,4.6247,43,89,1.252,2546,1.016,1,1.0501,1,1,1,803,20.5077,4.5865,244,0,0,3,-0.2638,50.7304,0,0,3,-0.2639,50.8218,0.1186,0,3.4158,1,-15,13,2265,0.3214,0,0.0,0.39,0.0,0.39,5.4406,3.0,1,3.0,0.0,16,1,0,0.0326,0.2469,0.6078,0.0,-0.0014,0,0.0,0.0,0,0.0,,0.0,0.0,0,0,0.0,,0.0,0.0,0,-0.0,-0.0,1,0.0056,1354.7041,0:12777;2:804,1:13581,0:13581,0,4,0,0.0592,0.0013,1354.7203,0:256;2:13329,1:13585,0:13585,0,26,0,0.9812,140.9484,178.2013,55.7991,55.8103,37.3888,37.4623,5.529,5.4113,13.995,0.442,0,12.4031,11.2886,12.9261,3.6252,3.6253,3.6252,0.0176,-0.0,0.0318,0.0318,3.6249,3.6248,3.6249,0.0236,-0.0,0.0366,0.0366,,,0.0959,0.0,0.0319,0,5.4406,0.104,"-1983,-581","2618,611",З→В,07c30d13550247a1,c12d482e28c306e2,train,,R1,16.2516,16.2516,-0.3795,12.303,806,3.633,31
30639_9f0b519f,30639,2026-08-26 11:15:35,1028.6254,1028.6254,80932,80932,1,0,,1,2,9825,9746,20618,10309,9835,10306,10293,9.5524,0.0323,9.4757,0.0325,20.0434,0.0076,10.0215,0.0502,9.5605,0.0698,10.0185,0.0701,10.0057,0.0809,0.2995,0,0,0,5.799,1,0,0,0.0879,0,0,0,0,122,0.3007,2.2369,0,69,2.0655,308,0.0775,0,0.072,0,0,0,0,0.0,2.2293,118,0,0,0,0.0,51.6516,0,0,0,0.0,51.6941,0.0,0,1.1784,1,-15,15,2153,0.2517,0,0.0,0.312,5.7979,5.7979,5.3699,0.0,0,0.0,0.2,10,0,0,0.0351,0.2407,0.5606,0.0,-0.0086,0,0.0,0.0,0,0.0,,0.0,0.0,0,0,0.0,,0.0,0.0,0,-0.0,-0.0,1,0.0044,1028.5902,2:10309,1:10309,0:10309,0,0,0,1.0,0.0124,1028.5995,0:18;2:10288,1:10306,0:10306,0,0,0,0.9983,147.8448,176.7049,55.7989,55.8104,37.3892,37.4623,5.3839,5.3551,14.409,0.555,0,12.4034,12.3816,12.438,3.5889,3.5903,3.5896,0.0153,-0.0,0.0276,0.0276,3.5883,3.5897,3.5889,0.0215,-0.05,0.0295,0.0373,3.6023,36,0.0868,0.0,0.0276,0,5.3699,0.012,"-1956,-581","2615,619",З→В,5835966886caa7f6,06e29e17e2744ae8,train,,R1,-0.0022,0.0132,-0.0094,-0.0128,741,,
30639_c31df386,30639,2026-05-05 13:22:22,1357.1549,1357.1549,104935,104935,1,0,,1,2,12361,12554,27219,13607,12003,13610,13581,9.1076,0.0406,9.2498,0.0417,20.0555,0.0007,10.0259,0.0386,8.8439,0.0561,10.0278,0.0599,10.0067,0.0677,19.8007,1,0,0,0.3029,0,0,0,0.0994,0,0,0,0,300,0.5681,5.1375,0,107,1.404,8693,0.0913,0,0.078,0,0,0,0,0.0,5.0969,296,0,0,0,0.0,50.1022,0,0,0,0.0,50.0988,0.0,0,0.5938,1,-15,13,1955,0.3502,0,19.8117,19.8117,0.0,0.326,5.4616,4.7,1,3.0,0.0,17,1,0,0.0334,0.2782,0.6603,0.0,-0.0084,0,0.0,0.0,0,0.0,,0.0,0.0,0,0,0.0,,0.0,0.0,0,-0.0,-0.0,1,0.0235,1357.0865,0:13607,1:13607,0:13607,0,0,0,0.0,0.0034,1357.1335,0:21;2:13589,1:13610,0:13610,0,1,0,0.9985,142.0301,172.8298,55.7989,55.8105,37.389,37.4622,5.4221,5.2225,13.767,0.493,0,12.4084,12.3888,12.5128,3.6344,3.6361,3.6353,0.0194,-0.0,0.0324,0.0324,3.6343,3.6358,3.635,0.0234,-0.0,0.0366,0.0366,,,0.1103,0.0,0.0325,0,5.4616,0.066,"-1969,-601","2610,632",З→В,d32b8e65822db093,7f5486d89e4bcf7f,train,,R1,-0.2023,0.5298,0.1807,-0.087,829,3.6491,39
30639_d3c43d69,30639,2026-05-05 20:49:27,1095.6806,1095.6806,85015,85015,1,0,,1,2,9832,9831,21986,10858,10782,10883,10843,8.9731,0.0286,8.9722,0.0286,20.0652,0.0007,9.9096,0.0448,9.8401,0.0616,9.9323,0.062,9.8958,0.0727,0.3018,0,0,0,0.3018,0,0,0,0.1316,0,0,0,0,261,0.2315,4.844,0,93,1.1803,2258,0.0692,0,0.0541,0,0,0,0,0.0,4.8154,257,0,0,0,0.0,46.5477,0,0,0,0.0,46.5526,0.0652,0,3.2979,1,-15,15,1760,0.2673,0,0.0,0.306,0.0,0.306,5.2429,0.0,0,0.0,0.0,12,0,0,0.0334,0.2761,0.8074,0.0,-0.0017,0,0.0,0.0,0,0.0,,0.0,0.0,0,0,0.0,,0.0,0.0,0,-0.0,-0.0,1,0.0049,1095.6008,0:10858,1:10858,0:10858,0,139,0,0.0,0.0015,1095.622,0:1074;1:14;2:9795,1:10883,0:10883,0,276,0,0.9,143.381,187.2475,55.799,55.8107,37.3927,37.4623,5.3009,5.1468,12.864,0.654,0,12.4048,10.8311,32.2232,3.6173,3.6176,3.6176,0.019,-0.0,0.0289,0.0289,3.6168,3.617,3.6169,0.0251,-0.05,0.0352,0.0373,,,0.0867,0.1,0.1082,1,5.2429,0.063,"2614,613","-1738,-538",В→З,f0143851fc5f6cdc,2817ea00dda7607c,val,,R1,0.2382,0.828,0.1151,-0.1506,734,3.6351,31
30639_d601d28f,30639,2026-05-05 10:34:32,1004.6102,1004.6102,76299,76299,1,0,,1,2,8997,8998,20154,10077,8238,9931,9904,8.9564,0.0238,8.9574,0.0238,20.061,0.0006,10.0299,0.0315,8.2001,0.0487,9.8853,0.0547,9.8586,0.0606,0.3008,0,0,0,0.3008,0,0,0,0.1316,0,0,0,0,221,0.2298,4.2391,0,85,1.0945,1000,0.0823,0,0.0522,0,0,0,0,0.0,4.2153,219,0,0,0,0.0,50.9529,0,0,0,0.0,50.9563,0.0,0,2.4834,1,-15,13,1711,0.2311,0,0.0,0.3441,0.0,0.3441,5.5053,0.0,0,0.0,0.0,10,0,0,0.0365,0.2603,0.5328,0.0,0.0063,0,0.0,0.0,0,0.0,,0.0,0.0,1,0,0.0,,0.0,0.0,1,-0.0,-0.0,1,0.0182,1004.5921,0:10077,1:10077,0:10077,0,0,0,0.0,0.0046,1004.5194,0:110;2:9821,1:9931,0:9931,0,0,0,0.9889,141.9843,172.3452,55.7989,55.8104,37.3891,37.4623,5.4162,4.6859,13.88,0.543,0,12.4064,12.2468,12.5379,3.6582,3.6575,3.6578,0.0213,-0.0,0.0338,0.0338,3.6584,3.6573,3.6577,0.0237,-0.0,0.0367,0.0367,,,0.1069,0.0,0.034,0,5.5053,0.069,"-1964,-616","2616,618",З→В,f7557df29c2d75b4,66ed612abbae6326,train,,R1,-0.4523,0.4757,0.21,-0.2613,782,3.6657,39
30639_d927f360,30639,2026-08-26 09:14:34,1094.2982,1094.2982,83744,83744,1,0,,1,2,10171,9780,21930,10964,8989,10961,10949,9.2942,0.0289,8.9372,0.029,20.0394,0.011,10.019,0.0442,8.2139,0.0629,10.0162,0.062,10.0052,0.0727,0.2996,0,0,0,25.6001,2,0,0,0.0938,0,0,0,0,114,0.2665,2.1597,0,62,1.9987,3521,0.067,0,0.0834,0,0,0,0,0.0,2.1487,112,0,0,0,0.0,50.7432,0,0,0,0.0,50.7812,0.0,0,3.4145,1,-15,15,1941,0.2899,0,0.0,0.294,37.6816,25.5837,5.3584,0.0,0,0.0,0.2,16,0,0,0.0327,0.2408,0.6211,0.0,-0.0065,0,0.0,0.0,0,0.0,,0.0,0.0,0,0,0.0,,0.0,0.0,0,-0.0,-0.0,1,0.0028,1094.2159,0:29;2:10935,1:10964,0:10964,0,3,0,0.9974,0.0073,1094.2315,2:10961,1:10961,0:10961,0,3,0,1.0,147.8524,176.717,55.7989,55.8104,37.389,37.4623,5.4254,5.2277,14.15,0.591,0,12.4037,11.8162,12.4356,3.5908,3.5918,3.5913,0.0157,-0.0,0.0287,0.0287,3.5904,3.5914,3.5907,0.022,-0.05,0.0355,0.0372,3.5974,34,0.087,0.0,0.0287,0,5.3584,0.009,"-1972,-590","2614,618",З→В,fc93acc0bbe16cdd,30e9a541d95882a8,train,,R1,-0.0005,0.0122,-0.02,0.0019,757,,
30639_dce52be4,30639,2026-05-05 13:45:14,1144.17,1144.17,89353,89353,1,0,,1,2,10581,10582,22943,11432,10989,11427,11399,9.2472,0.0303,9.2481,0.0303,20.0513,0.0007,9.9911,0.0391,9.6037,0.0562,9.9865,0.0585,9.9621,0.0677,0.3016,0,0,0,0.3017,0,0,0,0.0797,0,0,0,0,210,0.1933,4.1454,0,109,1.1128,2752,0.0912,0,0.054,0,0,0,0,0.0,4.1151,204,0,0,0,0.0,50.7241,0,0,0,0.0,50.7882,0.0,0,3.2741,1,-15,15,1754,0.3007,-15,0.0,0.314,0.0,0.314,5.2389,0.0,0,0.0,0.0,9,0,0,0.0372,0.3138,0.7545,0.0,-0.0076,0,0.0,0.0,0,0.0,,0.0,0.0,0,0,0.0,,0.0,0.0,0,-0.0,-0.0,1,0.0065,1144.1207,0:11432,1:11432,0:11432,0,87,0,0.0,0.001,1144.1445,0:482;1:4;2:10941,1:11427,0:11427,0,162,0,0.9575,141.5206,169.514,55.7989,55.8107,37.3927,37.4622,5.184,5.0507,13.795,0.592,0,12.408,11.5687,26.5187,3.6316,3.6323,3.6318,0.0184,-0.0,0.0296,0.0296,3.6309,3.6316,3.6311,0.0246,-0.05,0.0336,0.0359,,,0.1015,1.7,0.4184,17,5.2389,0.031,"2610,632","-1738,-541",В→З,084b14a0c62455e8,8e45a9d6c72cb1f9,train,,R1,0.2438,0.5011,0.1248,-0.1358,748,3.6424,35
30639_e4379d7f,30639,2026-05-05 18:48:11,1431.9654,1431.9654,67008,67008,1,0,,1,2,13425,13425,28726,0,0,5727,5705,9.3747,0.0467,9.3747,0.0467,20.06,0.0006,,,,,3.9993,0.0632,3.984,0.0739,0.3002,0,0,0,0.3002,0,0,0,0.0979,0,0,0,0,300,842.7653,6.2468,0,133,1.8619,1056,0.0692,0,0.0525,0,0,0,30,840.5773,6.2001,264,0,0,0,0.0,50.6834,0,0,0,0.0,50.634,0.1214,0,3.3752,1,-15,15,2226,0.3675,0,0.0,0.31,0.0,0.31,5.3893,0.0,0,0.0,0.1,15,0,0,0.0316,0.2939,3.1348,0.0005,-0.0011,0,0.0,3.1348,0,0.0,,0.0,0.0,0,0,0.0,,0.0,0.0,3,-0.0,-0.0,1,,,,,,,,,,0.0021,1431.7615,0:3121;1:112;2:2494,1:5727,0:5727,0,511,0,0.4355,,,,,,,,,,,,,,,,,,,,,,,,,,,,,,,,,,,,,,,,329212ba91161655,edb11c82b3900bd4,train,,,,,,,,,
